SIZES,CITY,jong,totwage
2,11,9,43712
1,11,5,17398
2,11,43,72629
5,11,269,472734
6,11,392,1118722
6,11,474,2011583
5,11,58,427478
1,11,3,4650
3,11,13,34500
3,11,25,36193
2,11,14,44394
1,11,3,7100
1,11,1,2000
1,11,5,13432
1,11,7,9854
1,11,6,12200
2,11,18,27281
2,11,6,18200
4,11,73,165414
3,11,64,146036
1,11,4,13006
1,11,3,8050
1,11,0,0
1,11,4,9150
2,11,13,17300
1,11,3,6300
1,11,4,6496
1,11,8,18660
2,11,3,8100
2,11,5,11281
1,11,5,6900
2,11,11,21688
2,11,20,47221
3,11,20,60843
3,11,40,94211
4,11,105,337951
4,11,66,189501
5,11,199,671244
5,11,410,1082483
5,11,257,812905
5,11,287,748838
6,11,293,834979
6,11,466,1365738
6,11,554,1827733
6,11,285,943882
6,11,527,1302007
6,11,467,2771121
6,11,472,2574300
3,11,31,201597
5,11,311,1939914
6,11,941,16801159
2,11,24,79943
3,11,59,175818
5,11,270,870665
3,11,7,40180
1,11,3,3750
4,11,102,380185
4,11,123,479241
1,11,8,17000
5,11,422,1424953
4,11,114,298562
5,11,335,2148287
1,11,10,25978
2,11,12,20535
2,11,12,19517
3,11,53,249661
4,11,120,1137119
5,11,374,1307082
6,11,614,3348788
6,11,1187,2770995
6,11,1483,5804940
1,11,4,8330
5,11,312,1351173
4,11,91,316322
3,11,22,69542
1,11,7,13000
2,11,22,102196
2,11,17,55319
2,11,3,9706
4,11,165,533238
4,11,185,428361
1,11,4,5457
1,11,5,20850
1,11,5,11200
1,11,9,18350
1,11,3,8003
2,11,11,42349
2,11,23,60836
2,11,11,36242
2,11,2,7520
2,11,20,6400
3,11,29,43215
3,11,27,112383
3,11,47,151004
2,11,17,42450
3,11,15,40041
5,11,342,1797435
5,11,441,927696
4,11,288,1059110
5,11,135,410195
6,11,486,1675242
6,11,428,1307464
6,11,435,1596818
5,11,348,2455655
2,11,10,24128
2,11,14,18050
1,11,5,13551
2,11,11,25600
4,11,93,341169
3,11,24,78738
2,11,3,5810
3,11,28,51590
4,11,69,247355
6,11,313,637525
5,11,719,2751075
1,11,1,1200
1,11,18,16111
2,11,7,13700
1,11,7,10416
1,11,1,1584
2,11,10,10061
2,11,14,20583
3,11,19,41129
3,11,27,43384
3,11,22,40230
3,11,43,76574
3,11,24,45233
3,11,12,23239
3,11,41,69585
1,11,16,14081
3,11,32,57574
3,11,13,22603
2,11,21,44617
4,11,115,242488
4,11,57,99206
4,11,103,315360
4,11,139,189596
5,11,222,505593
5,11,200,382471
5,11,211,641451
6,11,576,2557562
6,11,427,892252
6,11,662,2841042
6,11,880,2485637
1,11,11,45337
1,11,5,8540
2,11,15,49152
2,11,8,10250
3,11,26,55328
4,11,239,780502
5,11,448,1000572
1,11,7,29700
1,11,3,7250
2,11,10,24935
2,11,14,71463
3,11,63,152071
3,11,34,135312
3,11,20,75424
4,11,65,180359
4,11,168,639538
4,11,164,464856
5,11,328,994076
4,11,41,296219
6,11,396,1392508
1,11,6,15550
2,11,8,14300
3,11,16,56806
3,11,21,60963
3,11,14,49906
3,11,12,79994
4,11,79,187368
1,11,4,24220
1,11,4,17474
2,11,6,16270
1,11,6,22650
1,11,4,9903
1,11,3,6200
2,11,6,14473
1,11,2,5420
1,11,1,1730
1,11,3,24300
1,11,5,25481
1,11,4,6900
1,11,5,11000
1,11,7,14750
2,11,15,73611
2,11,6,15202
2,11,18,66399
2,11,8,24287
2,11,12,71047
2,11,6,10731
2,11,11,26600
2,11,4,10881
2,11,7,28585
2,11,7,24409
2,11,8,29209
2,11,10,23020
3,11,40,157643
3,11,10,18450
3,11,25,86846
3,11,20,58837
3,11,58,236179
3,11,24,88831
3,11,19,55082
4,11,34,65563
2,11,2,3230
4,11,67,170150
4,11,99,442524
4,11,108,274536
4,11,25,53153
6,11,705,1281545
6,11,451,1599343
1,11,3,3400
1,11,21,51204
2,11,4,12619
1,11,7,53606
2,11,10,17491
2,11,7,16261
2,11,6,15332
3,11,93,508734
4,11,229,1130217
6,11,1962,10029311
1,11,5,29190
1,11,5,17395
1,11,4,23802
2,11,5,50058
2,11,7,45488
2,11,10,50148
2,11,8,39570
3,11,47,289062
4,11,81,376147
2,11,6,59665
4,11,83,357489
3,11,17,83368
2,11,11,41617
4,11,162,1862272
4,11,295,1164371
4,11,68,209364
5,11,329,1779725
6,11,1137,3517514
6,11,2170,19300932
6,11,1906,10095098
6,11,1648,31270568
6,11,835,2956402
6,11,1641,7038323
1,11,4,10794
1,11,1,4826
2,11,17,210447
3,11,67,342885
3,11,39,255151
2,11,0,0
2,11,10,36211
4,11,165,1293775
4,11,68,244084
4,11,136,688500
4,11,260,944071
4,11,239,1269548
5,11,214,948041
5,11,384,1696991
5,11,321,2077921
4,11,228,1439742
5,11,353,935630
5,11,248,762000
6,11,853,4428772
6,11,1442,18713083
5,11,289,996793
6,11,945,3377463
6,11,743,2638497
1,11,7,19827
1,11,5,17256
1,11,10,73953
1,11,8,35975
2,11,8,20326
2,11,15,35126
2,11,9,44616
3,11,57,162247
3,11,41,121809
2,11,18,56893
3,11,25,159000
3,11,55,8931976
4,11,70,392640
4,11,323,915796
6,11,468,3295189
6,11,483,2839733
1,11,3,9200
2,11,11,25334
2,11,8,31051
1,11,7,8346
2,11,8,12831
2,11,7,15580
2,11,15,18415
2,11,16,43949
2,11,9,16860
3,11,22,97695
3,11,28,35234
3,11,24,57000
3,11,28,28991
4,11,102,119966
3,11,83,239285
4,11,149,190138
1,11,2,6378
4,11,65,124102
4,11,39,98777
2,11,10,22010
5,11,207,340551
1,11,4,25513
2,11,18,41332
3,11,11,23270
2,11,2,4800
2,11,17,46310
2,11,14,22067
4,11,228,1199044
3,11,167,645499
5,11,364,1460018
6,11,1801,15517753
2,11,7,20256
3,11,57,196902
6,11,667,2429007
1,11,2,2000
1,11,1,1600
1,11,3,2480
2,11,1,2550
4,11,21,74274
3,11,41,84505
3,11,13,45781
4,11,162,994764
4,11,84,376405
5,11,496,2328211
5,11,127,348437
1,11,4,23994
1,11,3,10400
1,11,5,14200
2,11,6,18510
3,11,31,66055
2,11,8,27614
4,11,164,222964
2,11,34,96349
3,11,77,219266
4,11,125,575959
5,11,266,243992
6,11,261,305200
3,11,54,72900
5,11,82,215515
5,11,288,882757
5,11,232,361445
1,11,0,0
1,11,0,0
2,11,1,1550
2,11,0,0
3,11,15,21037
4,11,88,288168
4,11,211,1234783
5,11,252,1693020
6,11,627,3336717
6,11,1435,9435618
2,11,3,3758
2,11,1,8950
6,11,166,373586
1,11,1,1643
2,11,0,0
3,11,26,80878
1,11,3,7300
1,11,4,15000
2,11,8,29200
4,11,99,385218
3,11,21,55047
4,11,164,445501
4,11,244,958896
6,11,508,2828181
3,11,31,96683
1,11,5,18374
1,11,7,39999
2,11,15,21652
3,11,3,9289
3,11,38,72047
1,11,8,16200
1,11,4,5237
1,11,4,8828
2,11,8,15726
2,11,16,35763
2,11,3,3200
3,11,11,18769
6,11,428,664140
3,11,72,225372
4,11,104,435226
4,11,96,367619
2,11,5,9831
2,11,9,13860
2,11,19,39347
1,11,7,11760
2,11,12,18000
1,11,4,6292
4,11,30,126890
4,11,106,579121
4,11,240,1255403
6,11,59,103770
6,11,181,165936
3,11,9,30816
2,11,9,34040
6,11,133,218303
4,11,465,2597423
5,11,245,323617
2,11,11,39273
1,11,29,69950
2,11,28,69153
2,11,9,21313
3,11,30,91297
3,11,36,82558
5,11,241,575154
3,11,26,50713
3,11,56,112489
2,11,28,33777
2,11,22,38203
1,11,7,8740
2,11,32,63996
1,11,7,14400
2,11,15,28248
1,11,2,3400
1,11,10,39639
2,11,3,4350
2,11,23,47134
2,11,17,36334
2,11,6,12690
3,11,8,14510
2,11,7,24860
3,11,17,68489
3,11,45,248996
4,11,77,215068
4,11,28,145666
3,11,9,22212
1,11,3,3200
1,11,3,4300
2,11,5,12290
1,11,4,21845
1,11,3,4900
2,11,10,31583
2,11,14,20290
1,11,1,1200
1,11,20,25000
2,11,7,15844
3,11,11,23550
2,11,19,75845
4,11,140,359405
3,11,69,143237
3,11,59,126420
3,11,67,158724
1,11,6,7285
1,11,6,8440
2,11,13,20800
3,11,28,90456
3,11,40,91743
3,11,62,151272
4,11,95,338595
5,11,279,1851144
2,11,8,12695
3,11,19,32527
1,11,5,7640
1,11,9,18619
1,11,4,5660
2,11,10,30580
2,11,11,19258
5,11,529,1240537
4,11,90,194426
2,11,8,16188
3,11,25,63383
4,11,161,604494
1,11,5,13000
2,11,12,41069
1,11,6,8636
2,11,2,7500
2,11,2,7839
2,11,10,15898
3,11,28,64400
2,11,10,17811
2,11,2,4230
2,11,6,7827
3,11,48,128228
2,11,8,15886
1,11,3,7500
2,11,12,8700
3,11,43,99505
2,11,8,36820
3,11,45,161221
6,11,1475,5148478
1,11,3,3530
1,11,5,7200
1,11,1,3000
2,11,11,26383
2,11,11,18359
3,11,75,182372
4,11,125,326459
4,11,189,530503
1,11,6,13200
2,11,13,57704
2,11,20,86909
3,11,25,166369
2,11,17,42259
2,11,14,37141
3,11,83,660774
4,11,141,295453
1,11,2,6036
1,11,4,7800
1,11,6,7700
1,11,5,10483
1,11,3,5960
3,11,14,27583
2,11,2,8185
2,11,20,40991
1,11,7,20450
3,11,32,78024
2,11,22,104640
1,11,4,8102
2,11,10,27976
3,11,42,89083
3,11,45,90027
3,11,9,16606
4,11,276,1036432
1,11,3,8800
1,11,2,3037
2,11,16,32338
2,11,9,23967
3,11,52,111874
2,11,8,18147
5,11,249,1352136
4,11,80,494613
1,11,0,0
1,11,2,2600
3,11,16,40250
1,11,3,6538
2,11,14,20920
1,11,3,4300
3,11,15,30030
3,11,10,10640
4,11,30,21096
3,11,10,14392
6,11,334,763236
6,11,1108,2665175
1,11,6,11910
2,11,13,27295
2,11,12,28853
3,11,12,20000
4,11,186,161630
3,11,41,30689
4,11,171,150139
4,11,122,71492
4,11,118,91383
4,11,126,131003
4,11,146,137363
4,11,136,133271
5,11,456,510675
5,11,344,1135986
6,11,331,954524
4,11,121,390157
2,11,10,17283
1,11,1,1599
2,11,13,30494
2,11,28,33802
4,11,56,114775
2,11,5,5310
6,11,591,1200509
1,11,33,22737
2,11,8,14043
1,11,1,4318
3,11,52,278349
6,11,923,4538875
2,11,4,9725
1,11,3,16492
1,11,4,13924
2,11,9,11899
2,11,8,29235
1,11,2,15384
2,11,9,66951
2,11,8,32790
2,11,21,66541
2,11,3,8416
2,11,3,9449
3,11,41,206210
3,11,27,72445
4,11,58,275398
1,11,3,47839
2,11,5,25915
2,11,6,92414
1,11,5,7200
1,11,4,7149
1,11,3,3432
2,11,12,16821
2,11,8,9800
1,11,4,6075
3,11,26,30456
2,11,9,11612
2,11,9,13665
2,11,16,24380
2,11,20,28946
3,11,29,40131
3,11,9,15781
3,11,30,40974
4,11,79,215636
5,11,309,986621
4,11,129,338464
4,11,180,194129
2,11,28,96152
2,11,9,22444
1,11,12,20027
2,11,22,31265
1,11,4,5380
2,11,30,82708
3,11,29,56001
3,11,42,135993
6,11,567,2793421
2,11,9,39107
4,11,176,372566
1,11,0,0
1,11,4,5000
1,11,5,9214
1,11,1,4500
1,11,3,2800
3,11,29,81870
3,11,26,92339
4,11,143,504119
5,11,374,1336498
2,11,6,8500
2,11,5,8072
2,11,11,23310
1,11,8,20554
2,11,10,10485
3,11,46,89909
3,11,93,182687
3,11,32,82869
1,11,4,15198
5,11,261,563436
6,11,688,1118319
5,11,250,321428
6,11,962,3014163
2,11,8,27345
1,11,3,6000
2,11,0,0
2,11,1,2434
2,11,0,0
3,11,18,47910
2,11,0,0
3,11,10,51691
2,11,5,9490
4,11,92,448081
4,11,101,460691
6,11,1394,8308320
1,11,4,10069
3,11,27,51281
5,11,279,919397
6,11,1576,5251193
1,11,0,0
2,11,0,0
3,11,3,6451
4,11,47,96137
2,11,12,59009
3,11,29,64599
1,11,3,9398
1,11,2,3250
3,11,23,51817
2,11,7,7500
2,11,14,23392
3,11,25,44923
3,11,15,33111
6,11,422,1833363
6,11,769,1537613
2,11,24,61017
1,11,18,31804
1,11,3,4500
2,11,7,19950
1,11,4,6400
1,11,6,8500
3,11,45,105333
3,11,19,28170
4,11,155,495724
4,11,76,205695
1,11,8,13000
1,11,8,7400
2,11,13,20100
1,11,5,7900
3,11,37,66000
4,11,196,414450
1,11,2,3000
1,11,0,0
3,11,21,32090
1,11,4,7210
2,11,8,29251
1,11,4,21518
2,11,15,50278
6,11,1225,12604519
6,11,586,1367929
3,11,89,958494
1,11,4,11200
5,11,400,950345
4,11,83,232667
2,11,3,4058
1,11,2,3730
1,11,7,8100
1,11,6,5748
3,11,37,105048
4,11,61,136150
6,11,303,985334
1,11,2,6340
1,11,5,13128
1,11,6,9600
1,11,4,15840
1,11,1,1500
1,11,1,1840
1,11,0,0
1,11,3,4500
1,11,2,3308
1,11,5,9916
1,11,4,8697
2,11,3,5123
2,11,2,3700
2,11,2,3800
1,11,7,16186
3,11,16,29671
4,11,17,42227
4,11,74,148601
1,11,12,27998
1,11,4,9049
2,11,7,21200
2,11,22,52912
6,11,531,2750611
1,11,5,7049
1,11,4,6960
1,11,6,8800
3,11,22,30616
2,11,10,21616
3,11,15,43439
2,11,8,13152
4,11,164,468174
2,11,6,11307
3,11,22,50619
5,11,332,1336859
1,11,9,14900
2,11,15,17400
3,11,53,307322
1,11,4,9070
2,11,12,15430
2,11,17,25165
3,11,148,518050
3,11,28,144800
1,11,5,11770
1,11,2,7000
2,11,0,0
2,11,13,29875
3,11,59,94937
3,11,57,107625
3,11,19,77650
4,11,108,328702
1,11,2,2900
1,11,8,9700
2,11,15,31000
2,11,7,10350
3,11,21,58849
4,11,25,78978
4,11,61,113012
5,11,169,324656
2,11,10,23460
1,11,1,900
1,11,3,4000
2,11,8,13000
3,11,26,46934
3,11,20,26400
4,11,59,121970
1,11,8,22816
2,11,10,26101
2,11,10,26373
3,11,29,68243
3,11,52,108758
4,11,210,218357
4,11,172,145778
4,11,135,115437
4,11,110,98005
4,11,171,154575
4,11,110,100019
4,11,193,606843
4,11,156,137228
4,11,149,134477
4,11,138,125512
5,11,314,695950
5,11,351,710669
6,11,466,1039604
1,11,4,5700
3,11,70,154857
1,11,8,11600
1,11,7,13744
2,11,2,5817
3,11,47,246115
4,11,101,537536
1,11,5,17314
2,11,6,17048
2,11,5,18753
2,11,5,37400
1,11,1,4319
2,11,13,68080
3,11,37,179846
2,11,6,61753
1,11,4,5420
1,11,6,9801
1,11,3,5200
2,11,3,6538
2,11,9,13744
2,11,24,26301
2,11,15,23584
2,11,25,33422
2,11,16,15728
3,11,28,73165
3,11,51,92113
3,11,38,44664
3,11,49,59115
3,11,33,35532
3,11,39,52270
1,11,0,0
1,11,11,23500
3,11,51,244498
4,11,120,389541
1,11,1,5925
2,11,12,36444
4,11,92,397539
6,11,744,2325306
1,11,5,10307
1,11,1,1260
1,11,3,5539
1,11,0,0
2,11,0,0
2,11,2,3400
2,11,0,0
3,11,32,113193
3,11,29,176616
3,11,16,68717
4,11,98,456463
4,11,175,925662
4,11,236,1056480
5,11,144,891357
1,11,0,0
2,11,1,5000
2,11,3,7032
3,11,16,81884
4,11,68,190814
6,11,211,627064
6,11,137,784832
1,11,0,0
2,11,0,0
2,11,10,24335
3,11,19,36935
3,11,31,75386
2,11,8,17850
3,11,28,75279
1,11,4,5600
1,11,5,17302
3,11,16,30530
3,11,24,52719
2,11,32,52454
3,11,34,74189
1,11,4,5108
1,11,7,9000
3,11,15,34142
2,11,8,19946
3,11,18,36309
1,11,8,13450
2,11,26,47700
3,11,36,58300
4,11,154,333959
1,11,4,6500
1,11,5,15678
2,11,0,0
3,11,8,13108
1,11,3,5132
3,11,51,128880
6,11,170,691771
3,11,33,124138
4,11,66,495177
1,11,1,4133
5,11,151,490470
1,11,5,13821
3,11,41,86780
1,11,3,5600
2,11,7,26899
2,11,3,5050
3,11,7,12586
3,11,11,22417
4,11,77,257379
5,11,310,736075
1,11,5,8500
2,11,4,8110
1,11,14,13640
1,11,5,10950
3,11,20,33582
4,11,163,487598
5,11,379,6742583
2,11,11,38204
4,11,351,835794
5,11,355,1625910
1,11,11,27580
1,11,8,8130
2,11,9,25485
3,11,28,52066
1,11,5,19123
1,11,6,10841
2,11,16,48987
3,11,47,86836
4,11,206,326377
2,11,12,24534
3,11,41,98420
1,11,5,10488
2,11,9,16247
4,11,125,320164
2,11,13,24819
1,11,2,5045
1,11,4,7595
2,11,4,5450
2,11,4,3600
2,11,5,9500
4,11,97,367683
1,11,5,14000
1,11,11,60975
2,11,14,40750
4,11,63,257362
4,11,124,307102
1,11,5,6384
1,11,8,25010
2,11,24,60348
2,11,9,22296
3,11,49,119367
4,11,181,592992
1,11,6,16081
1,11,8,10200
2,11,6,13250
3,11,33,93860
3,11,27,42533
1,11,6,12153
1,11,1,2154
1,11,9,18079
1,11,5,13000
1,11,6,12000
1,11,9,20513
2,11,18,55792
2,11,10,20750
2,11,2,16755
3,11,28,83967
3,11,39,159233
3,11,21,43598
3,11,66,161530
3,11,37,47281
3,11,39,245349
4,11,49,88338
4,11,123,307969
3,11,45,157428
6,11,989,7911555
1,11,3,7700
1,11,7,11601
2,11,1,3000
2,11,9,23793
3,11,47,71364
3,11,43,86552
1,11,4,18058
4,11,101,332897
4,11,37,94926
5,11,291,953583
5,11,189,579604
6,11,583,1966812
1,11,17,30400
1,11,3,4000
1,11,2,3699
2,11,3,4200
2,11,3,5974
2,11,1,1800
3,11,16,22878
3,11,17,22536
3,11,2,4000
4,11,138,308402
1,11,7,11000
1,11,9,7700
2,11,10,21237
2,11,10,26456
2,11,16,18850
2,11,25,18700
4,11,191,637530
4,11,171,382540
4,11,163,312638
5,11,297,1011537
5,11,321,1024289
2,11,2,4810
5,11,326,2610554
1,11,5,16567
2,11,25,49825
3,11,26,39319
6,11,4894,21088720
6,11,3460,11657259
1,11,6,13070
1,11,2,3350
1,11,0,0
1,11,3,10453
2,11,16,47054
2,11,31,108557
2,11,6,11350
2,11,13,24233
2,11,12,33002
3,11,18,45144
3,11,15,36293
3,11,28,82732
2,11,9,16866
4,11,73,200946
6,11,200,652463
1,11,4,6200
1,11,4,6361
2,11,12,23900
3,11,50,136595
5,11,45,237088
1,11,2,6835
1,11,4,8713
2,11,38,368657
2,11,5,13137
2,11,4,11342
3,11,28,60380
3,11,46,373000
3,11,59,189861
4,11,224,779260
5,11,439,1885045
3,11,52,285158
6,11,1142,3708205
6,11,540,2165097
1,11,8,69388
2,11,7,48455
3,11,21,63305
3,11,59,185790
4,11,170,694334
4,11,174,621041
6,11,1175,7499107
6,11,136,492736
1,11,7,20025
1,11,4,10300
2,11,21,127497
2,11,29,216271
3,11,25,301845
3,11,40,214291
3,11,54,324676
3,11,47,217859
4,11,120,1393233
4,11,106,955567
4,11,235,1115942
4,11,190,2687623
4,11,152,1903325
4,11,143,1943423
4,11,163,776285
5,11,578,1916070
5,11,229,1296004
5,11,668,6078143
5,11,318,1757560
5,11,309,2193131
5,11,399,3813081
5,11,358,3309104
6,11,1418,11971092
6,11,532,13716897
6,11,576,2335210
6,11,551,2705715
1,11,4,5425
1,11,4,3922
2,11,21,25223
2,11,16,21817
2,11,6,9611
2,11,15,21721
2,11,7,13672
2,11,16,28037
2,11,1,2100
3,11,83,97167
3,11,54,56966
3,11,39,34551
3,11,26,41067
4,11,61,69388
4,11,128,131482
4,11,173,257717
4,11,126,166643
4,11,197,587008
5,11,695,4110933
6,11,1801,2210438
1,11,3,3546
2,11,9,23389
2,11,30,141602
2,11,12,28961
3,11,34,55258
3,11,33,54465
1,11,3,8930
1,11,4,8350
2,11,11,40416
2,11,19,51800
2,11,27,55028
3,11,15,42579
3,11,83,386945
3,11,46,161887
4,11,224,822428
4,11,92,444808
6,11,480,4722069
1,11,3,4450
1,11,17,63950
1,11,7,10500
2,11,8,16300
3,11,28,127456
4,11,182,701917
5,11,568,1802000
6,11,1016,5452970
5,11,295,810792
1,11,5,17487
1,11,9,22712
1,11,7,9950
2,11,9,13560
2,11,20,33098
3,11,99,100324
2,11,14,13840
3,11,17,22670
3,11,67,479384
4,11,107,67690
4,11,254,202415
4,11,86,82361
4,11,86,118924
3,11,40,97476
4,11,253,326614
5,11,448,639234
4,11,175,505327
5,11,110,177952
6,11,159,133967
1,11,0,0
1,11,0,0
2,11,1,1960
2,11,8,16983
2,11,24,46638
3,11,18,34196
3,11,30,68378
4,11,45,235701
1,11,2,3400
2,11,4,17000
3,11,13,74931
5,11,115,614856
6,11,266,970065
3,11,12,27979
1,11,5,13833
1,11,2,4499
1,11,3,15500
2,11,42,111660
2,11,12,41620
2,11,4,9530
2,11,28,55700
3,11,7,13500
3,11,13,31258
3,11,29,76753
4,11,239,691174
4,11,134,318074
4,11,119,396628
6,11,746,4266070
6,11,2982,17779443
6,11,1496,5318989
1,11,2,3500
1,11,11,24397
2,11,9,20800
2,11,3,4000
3,11,27,32645
1,11,5,16350
3,11,58,159478
2,11,28,55782
4,11,169,409670
1,11,3,7927
2,11,12,43082
2,11,12,74940
2,11,17,54412
3,11,26,135530
3,11,19,57846
4,11,85,556000
5,11,248,798792
1,11,4,4500
2,11,16,20900
2,11,22,37750
3,11,94,138314
6,11,266,901579
1,11,0,0
2,11,5,3700
3,11,42,123870
1,11,6,8693
3,11,55,138363
5,11,335,738593
1,11,9,44558
2,11,8,21064
4,11,95,691263
4,11,64,264583
3,11,33,111992
5,11,382,1027420
1,11,6,18329
2,11,22,79860
3,11,29,77286
4,11,124,468259
2,11,4,3768
4,11,87,125435
6,11,64,206520
2,11,34,58619
3,11,58,153063
3,11,62,169064
1,11,4,7316
4,11,116,533890
2,11,12,27616
3,11,2,829
2,11,25,57310
1,11,3,5060
1,11,3,7250
4,11,103,326843
2,11,14,48002
1,11,5,15420
1,11,4,9500
2,11,6,19768
2,11,9,19764
2,11,16,39760
3,11,8,15450
3,11,7,12058
3,11,11,28276
4,11,102,267905
4,11,7,14861
4,11,36,89068
5,11,266,721037
5,11,223,954858
4,11,162,1001038
4,11,22,57782
4,11,66,187256
3,11,30,62895
5,11,173,337695
1,11,3,5640
2,11,25,45254
3,11,58,131152
4,11,176,429278
4,11,131,256710
5,11,187,527639
5,11,264,912379
5,11,243,823410
6,11,219,570940
2,11,13,31422
3,11,49,179271
4,11,88,214092
5,11,463,1021382
1,11,7,12220
2,11,9,15986
4,11,70,162816
2,11,10,47967
5,11,322,813575
1,11,3,8200
2,11,10,20856
3,11,31,55929
1,11,5,11385
1,11,10,23084
1,11,6,12792
1,11,9,19061
2,11,14,27222
2,11,14,23625
2,11,19,52144
3,11,10,20065
3,11,28,67837
1,11,4,12781
3,11,33,130387
4,11,82,229580
5,11,222,463630
1,11,7,16583
1,11,4,5900
3,11,46,105860
2,11,7,6300
2,11,19,36309
3,11,28,69812
3,11,40,138248
4,11,185,373063
1,11,14,42623
1,11,3,9867
2,11,9,19083
3,11,39,129876
4,11,205,861277
2,11,15,37658
3,11,25,80520
1,11,4,6274
2,11,8,9515
2,11,5,6474
3,11,76,424468
4,11,129,668624
2,11,8,11870
3,11,22,90029
1,11,8,10186
2,11,10,18874
3,11,37,126442
5,11,342,941746
1,11,6,10340
1,11,5,9938
3,11,32,74375
1,11,2,4800
1,11,19,42610
1,11,3,5890
1,11,9,22700
2,11,8,21000
2,11,13,39412
2,11,5,14090
3,11,100,332210
3,11,51,108203
3,11,68,142314
4,11,177,299986
1,11,4,6550
1,11,10,8900
2,11,17,39555
3,11,40,91297
3,11,62,158420
4,11,37,227266
2,11,4,8100
1,11,2,2100
2,11,8,16206
2,11,16,19900
3,11,20,23145
4,11,42,105949
1,11,14,23061
2,11,31,49234
2,11,18,29701
3,11,57,101471
4,11,180,405899
4,11,211,724330
5,11,243,918091
1,11,3,9815
2,11,10,28711
3,11,18,40387
1,11,4,10303
1,11,4,26104
2,11,18,30126
2,11,10,52222
2,11,19,62418
4,11,1,2500
4,11,213,1129293
4,11,172,536342
1,11,5,13705
1,11,5,19440
2,11,7,45474
2,11,9,48276
2,11,7,20512
4,11,129,507648
1,11,6,134514
2,11,9,40436
3,11,37,182084
1,11,6,7253
1,11,8,13312
2,11,15,23968
2,11,5,6897
2,11,12,14218
2,11,13,23363
3,11,55,59326
3,11,31,35454
4,11,136,266070
4,11,109,469089
4,11,93,114250
1,11,9,29209
4,11,122,295471
1,11,8,25500
1,11,4,8440
2,11,10,32457
2,11,8,26063
3,11,34,72530
3,11,38,78319
3,11,38,83181
3,11,26,55016
4,11,123,373067
4,11,214,472586
2,11,7,22691
2,11,25,92697
3,11,76,283412
1,11,2,4600
1,11,5,18373
3,11,19,64269
5,11,294,1039599
5,11,352,1657404
1,11,40,32911
1,11,6,12300
2,11,15,21567
3,11,22,32132
2,11,3,2100
4,11,163,246144
4,11,107,192004
6,11,681,1034437
6,11,338,336640
1,11,0,0
1,11,1,1836
1,11,0,0
2,11,0,0
2,11,12,24113
2,11,0,0
3,11,75,357364
4,11,119,421664
6,11,1132,5705884
1,11,0,0
3,11,22,102193
1,11,0,0
2,11,7,19586
2,11,9,18444
2,11,17,47734
3,11,33,80277
1,11,5,7672
1,11,5,9815
2,11,14,25330
2,11,15,27529
3,11,17,32723
2,11,10,16670
1,11,8,11734
1,11,3,4450
1,11,6,16835
2,11,12,37222
3,11,36,189137
1,11,5,11850
2,11,15,22500
4,11,128,351541
4,11,230,464420
5,11,311,1632583
1,11,6,16228
2,11,10,14637
2,11,11,41135
1,11,1,714
2,11,3,54380
2,11,24,81949
5,11,179,897117
3,11,47,76399
3,11,45,135686
4,11,118,250035
3,11,41,116272
4,11,254,341453
4,11,60,214045
2,11,22,86771
4,11,96,377238
3,11,44,143533
1,11,7,17814
3,11,27,103961
2,11,18,46004
1,11,4,8286
2,11,7,12769
1,11,5,16161
1,11,4,9180
3,11,15,37000
4,11,66,333928
6,11,499,1763499
2,11,8,17680
3,11,18,37948
2,11,22,74700
5,11,219,1077040
2,11,3,5150
3,11,11,28264
2,11,13,29012
2,11,16,46990
4,11,64,137649
6,11,5444,14716850
1,11,2,3820
1,11,2,5100
2,11,4,4550
3,11,51,145127
3,11,7,18090
4,11,6,18449
5,11,225,664861
1,11,4,13580
2,11,8,22620
2,11,18,37180
1,11,9,9300
1,11,0,0
1,11,3,6897
2,11,8,18800
2,11,13,24480
3,11,40,101597
3,11,20,41400
4,11,77,345906
4,11,76,265720
5,11,225,766031
5,11,197,619736
5,11,363,868575
6,11,264,814956
4,11,359,1130824
6,11,575,2256681
3,11,54,112970
5,11,452,1802113
1,11,7,9976
3,11,31,97934
4,11,144,378685
2,11,20,61319
5,11,456,1482050
1,11,11,31553
5,11,286,805192
1,11,10,20290
1,11,4,4844
2,11,27,65433
2,11,4,5502
2,11,4,7536
1,11,15,22868
5,11,288,642794
1,11,8,10500
1,11,9,14676
2,11,18,29105
2,11,13,18868
3,11,81,172400
4,11,93,249286
4,11,112,293664
2,11,12,19101
3,11,28,225170
3,11,44,293318
1,11,5,11356
1,11,11,26870
1,11,3,5780
1,11,6,11998
1,11,2,5000
2,11,7,34984
2,11,15,33047
2,11,9,22574
2,11,7,15528
3,11,32,57491
3,11,84,338707
3,11,52,134806
3,11,10,29779
3,11,45,221443
3,11,21,41727
4,11,17,50416
5,11,263,1304613
1,11,9,22140
1,11,3,3500
2,11,3,6905
1,11,3,4500
3,11,29,66493
3,11,17,31093
4,11,79,172732
5,11,119,220889
1,11,8,9000
1,11,0,0
1,11,2,2000
2,11,5,9566
2,11,2,3750
3,11,14,10323
3,11,20,27600
3,11,1,1700
3,11,10,23355
3,11,19,13115
4,11,64,99641
5,11,281,555154
5,11,243,489168
6,11,460,1259219
2,11,9,19046
2,11,7,29529
2,11,33,64316
4,11,158,400186
4,11,185,580916
4,11,202,461491
4,11,206,432033
5,11,316,1224400
1,11,7,13239
1,11,3,7628
1,11,2,7900
2,11,5,7500
3,11,22,100413
1,11,8,18750
1,11,4,9450
1,11,5,12712
1,11,3,10400
1,11,4,13160
3,11,47,88809
2,11,12,29019
2,11,2,6113
3,11,34,105782
3,11,18,93089
3,11,22,58005
3,11,19,58270
2,11,16,26565
1,11,13,36047
2,11,6,4200
2,11,27,68221
3,11,30,98960
2,11,11,46052
3,11,44,66853
1,11,8,14806
1,11,6,14998
2,11,7,21262
2,11,11,18563
4,11,59,294661
2,11,11,29605
3,11,4,11080
3,11,36,118037
3,11,1,5791
5,11,259,1257786
5,11,1891,11594849
6,11,758,3654244
1,11,5,12755
1,11,6,22254
2,11,9,20092
3,11,62,154213
1,11,7,11766
1,11,12,21815
2,11,18,21683
2,11,16,25998
2,11,7,13127
3,11,40,58370
3,11,39,40494
3,11,20,29106
4,11,138,222668
5,11,127,120770
2,11,18,23233
2,11,13,13927
3,11,84,312579
1,11,7,8200
1,11,7,17376
3,11,9,19920
3,11,37,197008
4,11,42,162000
1,11,11,29300
2,11,13,14650
3,11,39,104292
4,11,51,256373
5,11,201,458271
1,11,2,3640
2,11,18,41624
3,11,44,102472
3,11,89,239218
4,11,99,177589
5,11,232,265007
6,11,1847,13752542
1,11,3,2100
1,11,12,40846
2,11,12,14139
2,11,17,41657
2,11,3,10218
3,11,39,85164
3,11,36,47675
4,11,165,421675
4,11,82,66148
5,11,126,183111
5,11,4,18183
5,11,303,360425
6,11,79,129896
6,11,1207,1428240
1,11,0,0
1,11,1,1100
2,11,4,11182
2,11,3,4350
3,11,31,182140
3,11,35,165410
3,11,12,27050
4,11,95,461290
4,11,95,158983
5,11,235,1092289
6,11,1085,7661864
6,11,526,3094830
1,11,2,4650
2,11,2,2633
4,11,44,199643
6,11,1674,10135611
3,11,10,32077
1,11,4,8873
1,11,3,8700
1,11,6,18000
2,11,5,6500
3,11,22,91010
1,11,4,4600
1,11,2,2700
2,11,7,10767
3,11,18,37800
3,11,22,50727
1,11,3,7559
1,11,11,33966
2,11,4,14228
3,11,45,63982
2,11,3,12738
3,11,14,51953
1,11,8,12040
2,11,11,26533
3,11,32,51335
4,11,261,703905
4,11,32,49318
5,11,178,409294
1,11,1,5833
1,11,0,0
2,11,10,16700
2,11,0,0
3,11,9,17824
6,11,735,2723014
3,11,32,423532
6,11,1593,10931532
2,11,6,17579
3,11,58,137818
4,11,115,304078
3,11,8,21879
3,11,22,114885
1,11,11,191056
2,11,13,38602
1,11,5,16650
4,11,97,331385
1,11,3,3333
3,11,26,71784
2,11,3,8865
4,11,152,358248
3,11,71,237027
3,11,32,95521
1,11,4,6400
2,11,13,34789
3,11,19,61951
1,11,4,12020
2,11,22,90049
4,11,265,984501
4,11,148,640214
4,11,117,310732
5,11,250,675488
5,11,152,1059648
2,11,4,10093
3,11,13,36051
4,11,81,158939
4,11,63,199411
4,11,136,428141
5,11,164,516639
4,11,74,456809
4,11,50,158115
5,11,51,175125
5,11,83,237883
6,11,151,460970
4,11,144,402259
4,11,78,194079
5,11,222,809187
2,11,17,48093
4,11,110,350326
6,11,920,13906786
4,11,34,130562
5,11,202,933352
5,11,163,704000
4,11,180,420440
4,11,61,242719
4,11,99,321719
4,11,126,573776
5,11,347,1160224
2,11,23,38847
3,11,15,50644
5,11,388,870810
3,11,36,127494
1,11,4,9635
3,11,43,133156
4,11,80,215911
4,11,124,630837
4,11,147,479687
4,11,136,1114682
5,11,254,743769
3,11,41,144025
4,11,109,449414
6,11,1119,4085684
6,11,806,3447034
1,11,9,20023
1,11,5,10100
1,11,6,14047
2,11,20,47620
2,11,12,23748
3,11,29,68759
3,11,40,77012
3,11,71,259275
2,11,6,20854
4,11,204,631778
4,11,169,1319732
5,11,479,3603585
5,11,438,1198738
6,11,650,2029365
6,11,520,2720786
6,11,1306,6554155
1,11,5,11000
3,11,66,127787
4,11,239,675501
3,11,38,167946
3,11,59,160053
3,11,36,61731
3,11,20,85045
2,11,19,89298
3,11,25,86373
4,11,433,2056902
6,11,1102,3149558
1,11,7,17171
2,11,23,67032
3,11,90,508438
3,11,50,156794
4,11,95,399252
3,11,32,114120
2,11,11,22369
3,11,89,250616
4,11,191,673119
5,11,261,1501741
2,11,8,38082
2,11,9,28644
2,11,6,11900
1,11,7,22970
1,11,0,0
2,11,19,64351
3,11,24,93025
2,11,15,50151
2,11,20,41326
3,11,14,53195
2,11,23,47647
4,11,23,67513
2,11,7,10380
1,11,4,27222
3,11,10,34187
3,11,32,108948
3,11,29,80849
3,11,54,413491
3,11,12,38041
3,11,34,157318
3,11,16,83387
3,11,44,94114
3,11,35,99790
3,11,24,99134
3,11,29,56278
3,11,58,136795
3,11,27,79942
3,11,30,104097
3,11,33,126404
3,11,38,468568
3,11,24,85947
3,11,24,89618
3,11,42,91485
2,11,15,33053
4,11,22,143956
4,11,67,176860
5,11,176,683430
4,11,141,434564
4,11,173,1242960
4,11,202,1164558
4,11,229,826161
4,11,86,286200
4,11,228,997770
4,11,188,681669
4,11,290,1169100
4,11,210,595363
5,11,244,572332
4,11,629,2925829
4,11,105,417871
5,11,133,779318
4,11,128,509011
6,11,195,414672
4,11,114,536711
5,11,252,996595
5,11,287,770574
5,11,509,2112433
2,11,18,74550
1,11,0,0
2,11,12,20829
1,11,4,8521
3,11,2,6410
3,11,27,66472
4,11,16,34467
3,11,7,32936
3,11,49,136035
4,11,117,410071
3,11,3,15075
3,11,15,147779
3,11,62,153426
3,11,51,216397
4,11,36,118595
4,11,88,321806
4,11,33,88860
4,11,90,244297
6,11,486,5094374
4,11,116,691122
6,11,2940,7420601
2,11,14,33465
1,11,5,13200
1,11,2,3858
2,11,5,6300
1,11,5,10400
2,11,22,60348
2,11,1,1501
3,11,25,58508
2,11,3,7410
3,11,10,18870
2,11,10,13557
3,11,27,58178
1,11,9,7550
3,11,31,59041
3,11,35,100549
3,11,40,85492
4,11,103,306529
3,11,4,9445
2,11,13,25324
3,11,27,55709
3,11,20,43437
3,11,23,70563
3,11,27,50907
4,11,96,211204
4,11,78,136433
5,11,190,376446
3,11,103,317123
4,11,158,391270
5,11,318,904078
6,11,364,1114273
6,11,345,626964
6,11,866,4059620
5,11,198,446043
2,11,8,15082
2,11,11,44511
5,11,314,734070
5,11,421,996136
6,11,743,1671683
6,11,622,1433115
1,11,7,43693
3,11,17,71650
2,11,13,45189
4,11,108,827138
2,11,2,7100
2,11,6,41763
1,11,3,6750
2,11,6,22408
4,11,139,533181
1,11,6,15763
1,11,6,17019
2,11,19,39572
2,11,29,98832
2,11,22,73027
2,11,12,44665
2,11,8,29291
2,11,13,44109
3,11,61,180890
4,11,94,341743
5,11,246,1377250
6,11,557,1582911
2,11,9,188634
2,11,14,61506
3,11,66,432439
4,11,504,6286624
4,11,161,653254
4,11,105,814932
5,11,71,143323
5,11,354,1527424
6,11,490,2315856
2,11,11,85605
3,11,56,350863
4,11,214,1084807
3,11,95,689377
4,11,119,521002
4,11,193,1253626
5,11,294,1778054
1,11,4,53905
1,11,1,3000
2,11,6,82556
2,11,6,45000
2,11,2,15157
2,11,6,31670
3,11,75,532603
5,11,246,1591538
5,11,437,1029987
6,11,665,3284779
6,11,455,2542207
2,11,7,29452
1,11,4,5660
1,11,5,5910
1,11,3,7600
1,11,5,13658
2,11,7,13875
4,11,136,144368
2,11,6,8017
2,11,19,125987
2,11,7,12491
1,11,7,19840
2,11,24,31723
3,11,92,149579
3,11,31,39616
3,11,57,70871
3,11,26,40935
3,11,34,146851
2,11,64,190876
2,11,60,249924
3,11,7,22263
4,11,74,246187
4,11,125,245236
4,11,177,245133
4,11,104,128532
4,11,44,107393
4,11,139,155637
4,11,116,360249
5,11,247,963235
6,11,348,326835
1,11,4,8550
2,11,8,15223
2,11,13,21829
2,11,6,15761
3,11,49,89429
2,11,11,23733
2,11,22,59150
1,11,10,27035
3,11,75,284573
2,11,15,41969
1,11,5,12600
2,11,23,50638
2,11,6,6307
2,11,4,11196
2,11,9,26475
2,11,8,32800
3,11,36,78889
3,11,18,145677
2,11,16,47340
2,11,7,12666
2,11,4,15375
3,11,44,113057
2,11,14,37381
2,11,7,20746
2,11,19,56018
3,11,31,80256
3,11,21,63965
3,11,57,154795
3,11,27,85320
2,11,44,121773
4,11,87,222189
3,11,32,188597
3,11,49,204431
3,11,32,86954
4,11,51,148613
4,11,89,328563
4,11,171,515528
3,11,36,182326
4,11,80,313322
4,11,259,574501
4,11,118,253768
4,11,82,246922
4,11,113,417268
4,11,71,201750
4,11,135,662262
4,11,145,487454
6,11,488,1412939
5,11,372,1085767
5,11,473,1412368
5,11,330,1920430
6,11,451,5198454
5,11,426,2790424
4,11,21,94602
6,11,438,1342619
6,11,6316,21716477
6,11,807,2690029
1,11,6,34000
2,11,11,22951
3,11,73,340535
1,11,5,19833
1,11,2,5981
2,11,8,21599
1,11,2,6266
2,11,8,23300
2,11,7,9500
1,11,5,14510
2,11,10,33005
2,11,8,47237
2,11,6,10377
2,11,19,96968
2,11,14,35802
2,11,12,19326
2,11,7,27688
2,11,16,47200
2,11,6,26447
3,11,28,41825
3,11,43,100206
3,11,14,57622
3,11,22,60418
3,11,32,72804
3,11,60,424695
3,11,85,5336389
3,11,27,72966
3,11,54,299226
3,11,35,89827
3,11,26,76188
3,11,26,55825
4,11,158,489277
4,11,328,1480000
5,11,262,765084
4,11,148,415626
4,11,137,470065
4,11,131,361306
4,11,114,499189
3,11,50,262899
2,11,10,65820
4,11,237,784727
5,11,263,1006746
5,11,451,1422554
6,11,402,1337929
6,11,1168,7376372
6,11,660,3458459
6,11,1309,4688875
2,11,10,16500
2,11,15,13454
1,11,10,17008
5,11,11,23185
2,11,4,5671
2,11,22,64133
2,11,12,26353
6,11,579,970394
2,11,2,3833
6,11,1114,1392500
3,11,30,161213
4,11,118,256186
4,11,117,275251
4,11,12,17198
5,11,365,623373
5,11,463,561743
4,11,56,71495
4,11,88,92752
5,11,239,290065
6,11,611,799533
6,11,566,726343
6,11,263,315956
5,11,66,66876
6,11,128,161653
5,11,224,186408
5,11,29,52314
5,11,376,428629
3,11,48,213625
3,11,48,164297
2,11,7,23463
3,11,37,53660
4,11,89,450087
2,11,2,13600
2,11,8,17600
3,11,104,413433
6,11,188,481370
6,11,887,2886417
2,11,5,8400
1,11,3,6500
2,11,9,35850
1,11,5,9509
1,11,3,6100
1,11,6,11314
1,11,6,17751
2,11,11,39300
2,11,8,17933
2,11,8,28740
2,11,9,36918
2,11,11,36866
2,11,16,45054
2,11,23,110050
3,11,55,186123
3,11,31,183756
4,11,155,516618
1,11,7,15800
1,11,6,7900
1,11,10,26087
3,11,32,161631
4,11,69,169457
4,11,50,106120
2,11,16,69225
3,11,29,67428
4,11,75,206230
4,11,107,340802
4,11,78,307739
2,11,12,23534
1,11,5,9900
1,11,5,5890
1,11,2,5700
2,11,11,21450
3,11,7,27817
4,11,33,130956
4,11,276,805690
2,11,6,14055
3,11,47,169007
2,21,12,19945
2,21,12,19000
2,21,2,3823
1,21,5,5700
1,21,2,5332
2,21,1,1240
3,21,10,26034
3,21,1,1400
4,21,25,51299
2,21,10,16400
1,21,1,1300
2,21,8,14298
1,21,2,1700
2,21,3,4751
2,21,16,26019
3,21,14,20324
3,21,23,38491
4,21,47,99916
4,21,4,6209
5,21,220,567831
3,21,50,125810
6,21,464,1494504
1,21,4,4610
2,21,11,17890
3,21,38,87992
3,21,49,87406
4,21,113,321563
5,21,411,1358877
1,21,4,5000
3,21,25,34848
1,21,5,8700
2,21,15,20615
3,21,80,180710
4,21,77,149817
5,21,265,451971
6,21,534,1044283
1,21,3,2338
3,21,28,50175
4,21,105,203244
4,21,132,302347
1,21,7,11300
2,21,14,22330
4,21,120,376473
3,21,11,10489
4,21,107,281320
4,21,60,184383
1,21,5,26355
2,21,30,61791
3,21,25,65592
4,21,148,284354
5,21,268,497397
6,21,2467,6965172
1,21,3,4100
4,21,65,87750
2,21,6,7920
3,21,48,131116
2,21,4,8650
2,21,10,14106
2,21,16,40864
3,21,26,59950
4,21,146,580423
2,21,69,101575
2,21,16,20752
3,21,15,49386
4,21,125,277785
4,21,252,744681
1,21,6,10350
2,21,2,2450
1,21,7,16858
1,21,3,3500
1,21,4,28388
1,21,25,40096
2,21,21,70304
3,21,53,127559
2,21,13,27132
3,21,54,243106
1,21,7,13202
2,21,12,39580
3,21,28,63085
1,21,3,4000
1,21,2,3675
2,21,7,6100
2,21,8,9100
3,21,16,20900
3,21,22,33803
3,21,28,39679
3,21,19,30900
5,21,79,266263
1,21,4,4400
2,21,4,6040
2,21,5,7583
3,21,26,41126
3,21,51,88436
3,21,24,27014
3,21,45,128159
1,21,3,2900
2,21,9,12149
1,21,4,19890
2,21,4,7310
2,21,15,29806
2,21,16,30303
2,21,12,24834
2,21,9,11250
3,21,39,88938
3,21,7,7631
4,21,161,338964
5,21,340,744325
5,21,303,696505
1,21,7,12675
2,21,7,26848
1,21,11,36447
2,21,9,53640
1,21,3,11360
2,21,15,33620
2,21,6,17009
1,21,5,15969
2,21,6,28066
2,21,8,22925
1,21,4,12034
2,21,11,45600
2,21,14,20970
1,21,4,12200
2,21,14,26923
2,21,20,69150
3,21,19,46085
3,21,43,52811
2,21,11,26879
3,21,13,22820
1,21,2,3180
1,21,4,20801
1,21,6,12100
1,21,6,12050
1,21,4,7500
1,21,7,12838
1,21,3,3500
1,21,2,1850
1,21,5,12050
2,21,11,22326
1,21,3,3820
2,21,5,8050
2,21,6,6504
2,21,11,22083
2,21,22,49575
2,21,4,8556
2,21,5,8750
3,21,38,58330
1,21,3,8132
2,21,5,17573
2,21,8,14038
3,21,37,71671
3,21,46,117495
3,21,30,64227
3,21,18,22590
3,21,43,126410
3,21,26,62260
4,21,101,224399
4,21,109,306647
4,21,164,713353
4,21,211,377885
5,21,341,906795
5,21,337,603134
1,21,5,12200
6,21,991,3260483
6,21,700,2650489
2,21,18,85111
1,21,4,10841
1,21,4,7125
2,21,5,4131
2,21,3,7150
2,21,18,51862
1,21,4,8955
1,21,2,1800
1,21,5,16252
1,21,4,18344
2,21,6,17311
2,21,10,60586
2,21,12,41517
3,21,33,83440
2,21,8,31040
3,21,24,141661
3,21,29,167379
4,21,57,160365
2,21,10,45339
2,21,8,7643
1,21,3,2970
1,21,3,3360
1,21,5,4859
2,21,15,13290
2,21,8,8079
2,21,8,14133
2,21,21,27429
2,21,14,26524
2,21,13,14235
3,21,49,49013
2,21,19,24821
4,21,112,424903
1,21,2,1650
3,21,22,37552
1,21,6,5650
3,21,49,121449
1,21,5,4300
1,21,2,4412
1,21,0,0
2,21,16,31084
2,21,8,24350
3,21,65,77220
1,21,4,9385
2,21,8,9539
2,21,21,19802
3,21,42,54162
3,21,65,105612
3,21,5,5833
4,21,85,71608
4,21,65,52396
5,21,160,178290
5,21,311,729301
5,21,213,198500
1,21,3,3910
1,21,2,4850
2,21,4,11420
2,21,1,1437
2,21,3,12000
3,21,21,100101
3,21,37,172085
4,21,70,336261
4,21,48,235926
4,21,68,292399
6,21,667,3075826
6,21,512,2100852
1,21,2,11400
3,21,20,53553
4,21,56,218999
5,21,95,423499
5,21,86,320589
5,21,39,161527
6,21,225,995130
1,21,1,600
2,21,4,6163
1,21,7,10689
2,21,32,96892
3,21,15,60402
1,21,2,2625
1,21,9,12903
2,21,31,60766
3,21,39,48824
3,21,65,174060
1,21,3,2342
1,21,4,10665
2,21,7,10610
2,21,12,28550
1,21,5,5450
1,21,8,9187
1,21,5,6100
2,21,13,19116
2,21,21,26115
3,21,40,86302
1,21,3,8200
2,21,4,8860
2,21,5,5450
2,21,8,14038
3,21,16,20250
1,21,5,15870
1,21,4,23495
4,21,118,338965
3,21,27,81002
3,21,20,30000
3,21,74,176290
2,21,11,35352
2,21,28,25135
2,21,6,8815
2,21,7,8360
1,21,4,9490
1,21,6,14006
2,21,16,49906
2,21,19,58795
2,21,8,17321
3,21,40,176827
2,21,10,31386
3,21,6,10133
1,21,5,5532
1,21,15,31670
5,21,220,385294
4,21,156,588594
4,21,81,184486
1,21,1,1650
3,21,4,7187
4,21,13,19962
3,21,22,29480
3,21,10,12800
2,21,5,7881
1,21,0,0
2,21,8,20824
3,21,20,35410
2,21,11,21607
4,21,191,513431
4,21,70,159223
3,21,25,63005
2,21,7,11700
1,21,0,0
6,21,824,2283295
2,21,11,12842
4,21,139,388546
2,21,1,2460
2,21,9,15269
5,21,288,649757
3,21,23,44137
2,21,22,32124
6,21,1190,3449952
1,21,1,1500
1,21,9,11720
6,21,1240,5088383
3,21,73,241149
3,21,141,649245
2,21,6,19196
1,21,2,3000
1,21,5,4600
2,21,16,21850
3,21,32,70758
1,21,9,11780
2,21,30,134067
2,21,9,16800
3,21,3,10583
5,21,6,14902
4,21,67,371995
3,21,17,40687
1,21,3,3950
1,21,9,15996
5,21,276,733467
3,21,20,35388
3,21,43,90530
3,21,29,81197
1,21,12,15800
2,21,9,17217
1,21,3,5900
4,21,202,444212
5,21,358,786185
4,21,157,356175
4,21,115,245290
2,21,16,18537
2,21,22,34805
3,21,33,60558
2,21,10,22320
1,21,8,9810
4,21,90,257491
3,21,17,40183
2,21,9,11570
1,21,2,15391
2,21,6,27158
1,21,2,10337
3,21,50,251153
2,21,5,78248
2,21,7,15314
3,21,24,28734
2,21,9,9954
3,21,44,51958
2,21,21,26076
4,21,126,124595
3,21,25,24822
2,21,8,10658
1,21,4,4142
1,21,9,7528
1,21,7,13740
2,21,24,63812
2,21,10,25500
2,21,19,34500
4,21,89,278827
3,21,42,75790
1,21,3,6600
5,21,44,98974
1,21,3,4300
1,21,3,3699
4,21,21,99357
1,21,4,5060
1,21,6,4929
1,21,6,10719
1,21,0,0
2,21,2,1600
3,21,51,259044
2,21,19,74743
4,21,70,285929
2,21,0,0
4,21,25,63127
3,21,19,43930
2,21,11,17000
3,21,22,109359
2,21,25,81709
2,21,13,27113
3,21,36,150888
2,21,8,10119
2,21,5,8450
1,21,6,6648
3,21,18,41489
4,21,132,472269
4,21,300,1085205
2,21,17,29318
2,21,16,29510
2,21,35,50626
4,21,108,115777
3,21,45,147142
1,21,1,1136
3,21,19,36032
6,21,93,253440
1,21,3,6100
6,21,62,111284
1,21,4,7400
3,21,11,31521
1,21,3,4898
1,21,29,74760
2,21,7,11750
2,21,12,15350
2,21,18,49893
2,21,6,7852
3,21,24,25821
3,21,13,29166
3,21,16,65754
3,21,11,23711
3,21,4,5200
4,21,19,41250
4,21,63,189384
5,21,183,520027
1,21,4,5698
2,21,12,23522
3,21,40,80430
2,21,22,47351
2,21,15,32100
1,21,6,4800
2,21,13,38469
1,21,5,5736
1,21,7,23279
2,21,23,85322
2,21,4,7628
2,21,21,51220
4,21,241,497953
1,21,3,4000
1,21,8,18000
2,21,15,26449
3,21,26,80593
4,21,117,228694
2,21,4,3665
1,21,10,25150
1,21,6,28400
3,21,38,60259
2,21,42,97807
1,21,6,25334
6,21,2617,4978081
2,21,17,27156
3,21,43,51350
1,21,5,10930
2,21,13,36145
6,21,2514,6763567
2,21,11,12894
1,21,4,5659
3,21,42,229974
1,21,2,2300
1,21,10,23505
1,21,2,2380
1,21,5,21600
3,21,26,50426
3,21,10,19402
4,21,71,65603
4,21,59,69911
1,21,1,1500
2,21,0,0
3,21,7,25936
4,21,75,81999
1,21,7,11345
4,21,169,138400
3,21,83,61231
4,21,277,274869
5,21,219,211151
6,21,932,703174
4,21,262,453800
1,21,5,5790
2,21,17,68445
1,21,4,13781
3,21,26,145800
1,21,8,9440
2,21,10,10727
2,21,9,10914
3,21,28,32330
1,21,1,2200
1,21,0,0
2,21,0,0
3,21,22,34482
6,21,299,1307261
1,21,1,1500
2,21,1,3277
3,21,17,66358
4,21,25,59051
5,21,163,598242
2,21,4,6833
2,21,7,14878
3,21,16,25193
2,21,13,31026
3,21,59,140335
4,21,81,194524
1,21,4,4850
2,21,15,16730
1,21,1,800
2,21,8,19660
1,21,3,3400
1,21,1,4500
3,21,20,35620
4,21,49,114497
2,21,10,21956
1,21,6,26261
4,21,51,70744
3,21,15,32051
1,21,7,13041
3,21,17,33770
2,21,10,24763
3,39,22,34747
2,39,15,31236
3,39,25,73833
2,39,8,9120
1,39,5,7997
3,39,8,19773
2,39,17,49405
1,39,7,8700
1,39,6,6670
1,39,3,3975
1,39,12,13400
1,39,9,6388
2,39,12,38644
3,39,24,126125
2,39,20,46580
1,39,8,31193
2,39,10,14400
2,39,2,1780
3,39,19,27559
3,39,23,42440
3,39,20,27608
3,39,13,18860
4,39,143,321059
4,39,50,90117
5,39,184,310507
4,39,189,335840
3,39,40,103725
3,39,21,31905
2,39,0,0
1,39,2,2500
1,39,5,7047
2,39,20,10630
1,39,4,2517
2,39,26,69942
2,39,19,41372
1,39,34,57328
3,39,9,27471
4,39,108,271342
4,39,123,229573
1,39,5,6900
2,39,2,3288
3,39,12,28323
4,39,221,626391
1,39,7,16029
2,39,6,33124
1,39,6,27852
1,39,5,5032
3,39,36,86323
1,39,4,19045
3,39,10,33897
3,39,13,30262
2,39,4,12062
1,39,5,19522
3,39,58,183188
1,39,4,6114
2,39,10,21969
2,39,8,9700
2,39,7,12646
2,39,11,10740
2,39,10,13067
3,39,45,110276
2,39,7,13940
2,39,12,17938
3,39,4,6098
3,39,25,42900
1,39,4,9060
3,39,98,154573
4,39,50,75281
3,39,64,103552
1,39,7,11388
2,39,15,21824
3,39,37,32567
3,23,65,210672
2,23,18,56365
3,23,27,73698
3,23,30,82523
3,23,25,52885
4,23,230,810536
2,23,15,44271
3,23,27,142478
4,23,55,199289
3,23,9,17200
1,23,1,900
2,23,9,16820
1,23,1,1400
2,23,8,12470
1,23,14,32947
1,23,4,5528
2,23,11,30015
2,23,17,23392
3,23,25,72244
3,23,32,46144
4,23,103,311312
5,23,122,489788
5,23,274,1342934
6,23,458,1160749
3,23,32,64854
1,23,10,23315
1,23,6,16182
2,23,7,14135
3,23,27,40166
4,23,97,239867
1,23,6,13209
2,23,10,24584
3,23,69,148193
4,23,186,435017
4,23,112,331061
1,23,3,3940
3,23,33,84595
1,23,8,18992
1,23,4,7530
3,23,31,103128
3,23,116,246762
4,23,93,186201
6,23,585,1277451
6,23,2026,9611810
1,23,3,5300
1,23,12,10000
2,23,7,11524
3,23,31,108401
4,23,92,188370
5,23,337,846345
1,23,8,18639
1,23,9,18779
2,23,11,23559
2,23,17,38185
3,23,34,69931
3,23,52,148723
3,23,28,63018
4,23,168,243406
4,23,143,245019
6,23,2141,7556975
2,23,4,6608
1,23,3,5041
3,23,14,34579
4,23,139,341447
1,23,2,3626
2,23,19,52065
3,23,40,94223
5,23,325,763092
5,23,111,235675
1,23,6,10050
2,23,29,57803
3,23,34,63118
1,23,7,12000
3,23,23,44890
5,23,209,401637
5,23,249,446427
2,23,18,27800
3,23,51,156394
1,23,4,7000
2,23,15,30388
3,23,44,82217
3,23,32,69071
4,23,104,236029
6,23,202,521148
3,23,38,89207
3,23,28,60229
1,23,9,25999
2,23,21,46296
3,23,30,61910
4,23,167,528198
1,23,7,7400
2,23,16,35028
3,23,43,55751
5,23,271,899294
1,23,5,3384
2,23,8,15442
3,23,71,299641
4,23,106,308248
1,23,4,5722
2,23,18,50357
3,23,61,125658
3,23,25,68664
1,23,6,10616
2,23,9,17997
2,23,28,84286
3,23,36,75176
1,23,5,18936
2,23,6,8600
3,23,9,13664
4,23,81,172241
5,23,109,257321
1,23,5,8100
1,23,4,8650
2,23,2,4356
3,23,16,28731
3,23,44,91368
4,23,163,442470
1,23,12,19256
1,23,4,12000
2,23,23,35700
2,23,9,8242
3,23,62,63519
4,23,101,95763
4,23,122,336899
4,23,64,75172
4,23,129,190064
1,23,6,15349
2,23,16,44643
2,23,8,18600
2,23,13,77545
3,23,36,72635
2,23,16,53681
1,23,5,19078
1,23,3,7826
2,23,26,110423
2,23,12,31545
2,23,22,42259
3,23,45,163959
3,23,10,19351
3,23,59,143040
3,23,69,214553
5,23,67,167648
1,23,5,12838
2,23,14,36984
1,23,2,5602
1,23,3,9512
1,23,3,7115
2,23,20,63251
2,23,7,19779
2,23,4,9550
2,23,8,16764
2,23,15,39304
3,23,182,324160
3,23,38,79916
3,23,22,52572
3,23,58,79429
4,23,75,108565
4,23,84,207793
5,23,247,658721
6,23,1829,3876729
1,23,7,70296
2,23,11,121570
2,23,7,14150
3,23,32,54686
1,23,3,11371
1,23,2,3049
2,23,9,62000
3,23,25,107394
1,23,4,43436
2,23,12,81536
3,23,34,145158
1,23,4,15804
2,23,11,41240
1,23,2,2256
2,23,15,28358
2,23,12,13584
2,23,13,13442
2,23,16,15265
3,23,34,32663
4,23,186,704850
1,23,10,16700
2,23,13,27000
3,23,31,63844
1,23,0,0
1,23,2,5850
2,23,8,32497
3,23,24,122170
4,23,144,554542
1,23,5,5127
2,23,17,23354
3,23,24,54357
4,23,185,188102
5,23,460,747087
1,23,0,0
1,23,1,1000
2,23,3,2100
2,23,16,22250
3,23,25,96333
4,23,82,374090
1,23,2,2700
2,23,3,10850
4,23,61,272482
5,23,105,430098
6,23,523,1703212
2,23,9,21171
1,23,2,2428
2,23,8,10400
1,23,10,17928
2,23,27,53031
3,23,26,54283
1,23,5,7750
1,23,3,5748
2,23,19,84687
1,23,4,3400
2,23,12,28923
2,23,5,12500
3,23,30,58413
1,23,16,22906
2,23,5,6555
4,23,103,472207
6,23,865,694932
1,23,2,5200
3,23,33,104891
2,23,19,76732
1,23,10,29160
2,23,18,40821
2,21,8,85398
1,21,4,8200
2,21,10,29869
2,21,3,4571
4,21,54,89253
2,21,12,19556
3,21,46,214625
1,21,9,8360
2,21,17,28109
4,21,68,109838
1,21,2,2500
2,21,3,7500
3,21,27,43860
2,21,9,21519
2,21,17,30517
2,21,16,52997
1,21,6,11282
1,21,6,7000
2,21,11,19176
2,21,21,50049
3,21,19,33659
3,21,62,170152
5,21,272,493845
6,21,369,742692
1,21,5,8900
1,21,10,17508
1,21,9,19091
2,21,21,37798
1,21,8,9050
1,21,9,18914
2,21,13,18410
3,21,31,82242
2,21,2,4993
1,21,9,22405
1,21,12,29613
2,21,13,38890
3,21,30,54318
4,21,84,164466
2,21,8,16437
1,21,4,9886
2,21,8,14500
2,21,0,0
2,21,11,26022
5,21,189,470441
1,21,3,9769
1,21,4,5100
2,21,9,19440
2,21,11,32682
3,21,16,32271
3,21,57,112280
4,21,186,375378
6,21,648,2562404
1,21,2,5400
2,21,8,9128
4,21,24,57879
4,21,89,215748
2,21,15,36587
2,21,18,42252
2,21,9,19690
2,21,10,19278
2,21,7,16700
1,21,4,10422
1,21,4,5690
2,21,11,99102
3,21,31,56219
1,21,1,1200
3,21,37,74672
3,21,8,9101
2,21,7,11600
2,21,7,13000
2,21,9,11400
3,21,55,133829
4,21,142,64285
4,21,225,454494
6,21,893,1701829
1,21,8,55301
1,21,2,4247
2,21,6,35019
3,21,18,106463
3,21,29,134126
1,21,7,8847
2,21,3,5976
2,21,14,16729
2,21,8,14779
2,21,12,15239
3,21,10,21685
3,21,24,33067
3,21,28,37244
5,21,96,110694
1,21,1,900
2,21,15,57447
2,21,3,14000
1,21,4,5000
2,21,17,36465
3,21,59,62135
1,21,1,900
2,21,3,6000
6,21,264,1161389
2,21,0,0
3,21,21,54579
1,21,1,1250
2,21,5,8756
2,21,12,23032
2,21,6,9780
3,21,22,46736
4,21,65,156356
2,21,9,10270
2,21,17,20540
4,21,51,85563
4,21,60,148818
2,21,7,17916
1,21,8,18504
2,21,12,34046
3,21,39,55460
5,21,357,933778
1,21,2,3570
2,21,8,11000
3,21,18,20101
1,21,8,23530
1,21,9,9250
2,21,17,103077
2,21,17,57073
1,21,4,8272
3,21,33,53715
2,21,16,46135
3,21,21,41045
2,31,8,15165
2,31,14,34355
1,31,15,44224
1,31,9,33368
1,31,6,18460
1,31,7,12100
2,31,14,29389
2,31,3,8390
2,31,11,52725
2,31,8,17383
3,31,34,46920
3,31,34,81150
5,31,346,454231
6,31,125,273509
2,31,7,15631
1,31,3,2960
2,31,3,5200
1,31,2,4300
1,31,9,11312
2,31,12,31659
4,31,51,66116
3,31,26,49180
3,31,70,121931
4,31,79,134180
3,31,41,103719
1,31,3,5361
2,31,6,10770
5,31,29,55729
3,31,28,58974
4,31,141,550412
5,31,181,525611
2,31,10,13200
1,31,4,8770
2,31,6,7700
2,31,12,27065
2,31,8,11745
4,31,67,239349
3,31,50,85974
3,31,115,531914
5,31,262,482312
5,31,562,1595064
1,31,7,32464
1,31,2,2800
2,31,18,37468
1,31,5,15176
3,31,38,75585
1,31,5,8830
2,31,6,11745
3,31,36,56880
4,31,51,76238
1,31,9,21441
2,31,36,99360
2,31,25,48819
2,31,16,35186
3,31,45,110136
4,31,70,150969
5,31,38,77233
1,31,7,22688
1,31,9,16124
2,31,17,36046
2,31,22,47240
3,31,14,32852
3,31,25,26607
4,31,107,289376
5,31,278,833736
1,31,8,22060
2,31,9,24137
2,31,17,32183
3,31,72,117905
4,31,89,391078
4,31,67,252727
5,31,316,609508
5,31,312,877408
1,31,11,27110
1,31,9,23636
2,31,5,5800
2,31,5,7514
3,31,22,46981
3,31,62,171302
4,31,14,31587
4,31,98,196888
4,31,271,879930
5,31,68,178812
5,31,396,750699
5,31,332,775494
4,31,90,229245
6,31,18112,56957105
1,31,7,19232
2,31,10,24639
4,31,32,149064
1,31,5,12414
1,31,7,7700
1,31,4,8168
1,31,5,13716
1,31,3,3300
1,31,6,10188
2,31,12,19946
3,31,25,82003
2,31,14,18527
2,31,17,37487
2,31,10,13287
3,31,43,127092
1,31,2,5200
2,31,9,14040
2,31,16,22000
2,31,23,57457
1,31,9,20211
2,31,16,35030
2,31,14,35920
3,31,19,27400
1,31,5,15260
2,31,8,33806
2,31,86,232176
1,31,3,4540
6,31,2,3117
2,31,16,84980
2,31,3,10900
3,31,27,77150
3,31,113,235007
2,31,155,657208
4,31,5,20724
2,31,2,3850
1,31,12,22775
2,31,1,2550
2,31,5,7470
3,31,22,53997
2,31,16,28217
4,31,62,187262
1,31,3,2797
1,31,5,7350
2,31,5,10340
2,31,3,3793
3,31,43,74162
2,31,2,6000
2,31,14,38274
3,31,22,35986
3,31,252,504805
4,31,109,283124
1,31,7,9396
4,31,201,651735
3,31,61,137465
3,31,55,85346
4,31,122,78253
4,31,162,83028
5,31,79,182084
1,31,7,14091
1,31,14,29953
1,31,4,6000
2,31,2,8861
3,31,6,9731
3,31,10,41889
3,31,47,109402
3,31,39,104473
4,31,55,105987
4,31,87,141610
4,31,110,213193
1,31,7,11800
1,31,8,21791
2,31,24,129628
2,31,10,28390
2,31,9,39517
2,31,11,37386
2,31,11,23590
3,31,45,155574
1,31,6,23759
2,31,7,31646
3,31,23,81294
3,31,62,304854
1,31,5,10251
2,31,7,9450
2,31,15,20171
2,31,3,5308
2,31,13,18804
2,31,13,26386
2,31,15,19812
5,31,7,33169
3,31,12,20007
3,31,31,41723
5,31,422,1573375
1,31,0,0
2,31,13,38670
2,31,14,35217
1,31,6,22245
2,31,23,81856
3,31,74,297442
3,31,34,112306
4,31,81,303715
4,31,102,315472
4,31,160,448753
5,31,390,1296733
6,31,538,1701010
6,31,596,2559402
6,31,6496,20469086
1,31,1,2400
1,31,3,4900
2,31,25,79576
3,31,53,187948
6,31,1754,10455025
4,31,41,62936
2,31,4,11823
3,31,34,88397
2,31,18,14098
4,31,78,76782
4,31,32,71201
5,31,25,45433
5,31,330,567403
6,31,635,631392
6,31,369,656175
1,31,0,0
1,31,1,1699
2,31,4,10200
3,31,41,153909
3,31,34,56960
4,31,94,373172
4,31,74,326985
4,31,162,596302
4,31,151,681307
6,31,363,1444780
6,31,821,7061648
5,31,333,1280664
1,31,0,0
2,31,1,2800
3,31,11,48144
4,31,48,332707
5,31,200,614426
6,31,768,3721019
1,31,4,8543
1,31,0,0
3,31,15,21500
1,31,4,9793
6,31,8,14710
2,31,5,7750
2,31,5,8400
3,31,24,29066
3,31,32,75949
4,31,63,149790
4,31,100,263214
3,31,32,65256
4,31,71,157565
6,31,555,2824258
1,31,6,13280
2,31,19,37946
1,31,4,5004
1,31,4,6000
2,31,13,32145
3,31,21,50210
1,31,8,23386
1,31,5,8600
2,31,19,30533
2,31,12,13357
3,31,15,37178
2,31,13,18939
3,31,20,48974
1,31,4,25850
2,31,4,3800
1,31,2,4000
3,31,52,135789
3,31,54,144646
1,31,3,5000
3,31,55,74433
3,31,24,53784
2,31,27,66331
2,31,35,79443
1,31,3,4920
1,31,2,5150
1,31,7,13660
1,31,2,3600
3,31,39,104265
1,31,3,8789
2,31,10,30806
3,31,34,139403
3,31,39,79347
1,31,5,12044
2,31,18,42333
2,31,21,45887
3,31,31,56252
1,31,3,4769
1,31,6,13900
2,31,16,31196
3,31,26,66985
2,31,11,29898
2,31,27,58251
5,31,233,628427
5,31,137,269858
1,31,5,7968
1,31,2,1900
1,31,10,14308
2,31,21,25154
2,31,6,10472
1,31,2,4356
1,31,6,17007
1,31,9,12954
3,31,13,34638
3,32,22,37938
3,31,20,35917
2,31,8,14811
3,31,10,24790
2,31,15,38897
2,31,7,10800
2,31,26,39893
3,31,27,77627
1,31,6,8661
1,31,2,2400
3,31,35,65267
2,31,28,39624
3,31,33,55199
1,31,2,4187
1,31,7,11644
2,31,5,5039
2,31,25,33394
2,31,13,41135
2,31,3,4333
1,31,8,6650
1,31,7,14520
1,31,7,12710
1,31,5,7300
2,31,17,20264
4,31,67,143222
2,31,9,16315
3,31,21,35874
2,31,9,13770
3,31,30,47895
1,31,4,7400
1,31,7,11260
1,31,5,14000
2,31,19,42126
1,31,5,9970
3,31,10,25225
3,31,34,76124
1,31,8,14951
1,31,10,15000
1,31,12,20942
2,31,15,51959
2,31,7,12213
1,31,10,20260
3,31,28,55154
3,31,29,72849
1,31,10,13500
2,31,13,20923
3,31,60,134490
3,31,26,49340
4,31,277,536164
1,31,11,17311
2,31,12,14600
2,31,9,20162
1,31,5,5493
3,31,19,39604
1,31,3,7725
5,31,248,519478
1,31,6,17810
1,31,5,7500
2,31,6,9500
3,31,12,24050
1,31,1,1100
2,31,8,27243
3,31,41,127110
5,31,119,263788
6,31,293,656744
2,31,25,76474
3,31,62,180591
3,31,14,35619
1,31,6,9200
2,31,7,8202
2,31,14,34794
3,31,31,36443
1,31,3,2650
3,31,33,96095
3,31,112,277392
3,31,25,71942
2,31,22,43805
1,31,7,15029
2,31,9,14468
2,31,17,31300
2,31,27,37148
1,31,3,3800
2,31,8,9618
2,31,11,18432
3,31,58,223369
4,31,172,734291
3,31,40,144277
2,31,11,22385
2,31,12,16626
3,31,51,112309
1,31,3,6300
1,31,1,1500
3,31,31,68827
1,31,7,7572
1,31,6,12350
2,31,12,104912
2,31,16,53700
3,31,24,76459
3,31,40,73765
2,31,12,24737
1,31,3,5977
1,31,5,12000
2,31,6,7530
3,31,30,44028
3,31,40,68885
3,31,42,51500
1,31,3,7500
2,31,3,4298
1,31,5,7816
2,31,6,14538
3,31,42,91710
2,31,6,14774
4,31,127,201936
5,31,192,334434
4,31,79,171038
3,31,29,51125
1,31,0,0
1,31,5,6450
2,31,0,0
2,31,23,40056
1,31,3,11141
2,31,6,10692
3,31,26,53218
1,31,4,4706
2,31,11,14490
1,31,6,7050
2,31,11,7500
2,31,7,11692
3,31,10,22484
5,31,353,796616
5,31,273,628264
4,31,205,356507
6,31,441,1056044
5,31,454,1174668
6,31,766,1868656
3,31,52,109526
4,31,179,357299
3,31,70,94660
3,31,71,121802
1,31,7,16194
1,31,6,10346
2,31,27,55316
3,31,53,105371
1,31,6,14466
1,31,6,9555
2,31,11,23962
3,31,47,231933
3,31,39,79935
3,31,92,479454
2,31,29,152283
1,31,5,15464
2,31,7,28000
1,31,5,14027
2,31,6,18033
3,31,31,89431
3,31,46,245228
3,31,29,144026
2,31,7,125599
1,31,4,10456
2,31,5,62342
4,31,61,265451
1,31,4,11870
2,31,7,26702
4,31,100,530581
1,31,7,9408
2,31,16,17070
2,31,7,7839
1,31,4,4000
1,31,7,8303
2,31,6,10032
2,31,10,11479
2,31,13,15388
2,31,11,15397
2,31,15,28250
2,31,15,17916
2,31,12,13917
2,31,13,17954
3,31,29,32889
3,31,37,43107
3,31,37,44845
3,31,31,39414
2,31,14,17516
2,31,18,17661
3,31,50,53645
1,31,2,3300
2,31,62,117381
1,31,4,18250
1,31,1,2300
2,31,31,58604
5,31,356,986295
2,31,18,14518
2,31,20,50180
1,31,3,4500
1,31,6,26388
2,31,1,700
1,31,1,1644
2,31,11,24000
2,31,12,16758
3,31,39,165348
2,31,17,35000
3,31,42,162544
4,31,82,416315
4,31,110,424536
1,31,0,0
2,31,5,10666
3,31,7,21895
4,31,32,124663
6,31,215,622968
1,31,2,2800
1,31,3,7608
2,31,6,12385
4,31,10,17476
4,31,16,34717
2,31,13,20606
1,31,2,2900
2,31,21,78024
5,31,259,1332588
1,31,5,6105
2,31,5,7790
2,31,9,16240
3,31,58,126904
3,31,45,147571
1,31,3,3767
3,31,60,146642
2,31,20,59674
3,31,58,114183
4,31,154,533066
3,31,27,65059
2,31,4,7204
1,31,4,4915
3,31,22,48887
2,31,25,33133
2,31,37,70651
1,31,4,5050
3,31,37,54250
2,31,12,32638
1,31,5,7070
1,31,5,5000
2,31,4,6116
2,31,13,14870
3,31,22,49279
4,31,87,289123
2,31,11,24110
2,31,25,79043
5,31,61,170496
1,31,5,14540
3,31,36,11216
3,31,67,140872
3,31,78,340968
4,31,158,353536
5,31,134,318425
5,31,402,1158630
4,31,189,425621
3,31,83,210375
2,31,14,26902
3,31,22,39328
4,31,117,237452
3,31,76,218222
5,31,315,1513029
2,31,7,21705
2,31,64,196804
3,31,61,135264
4,31,215,657325
5,31,98,474035
3,31,73,204404
1,31,9,21790
2,31,13,24316
3,31,31,61258
3,31,31,69687
1,31,6,9510
6,31,445,760029
1,31,8,16000
3,31,56,164939
4,31,129,250687
5,31,156,317287
2,31,25,58132
3,31,36,59803
3,31,34,57945
4,31,26,82177
6,31,3991,8711477
4,31,74,155005
1,31,91,249212
4,31,179,387909
5,31,160,442772
6,31,345,602487
2,31,18,46984
3,31,27,34128
4,31,222,747701
4,31,45,168518
4,31,103,310223
4,31,178,447984
2,31,26,52664
4,31,215,451107
4,31,61,116678
6,31,5594,29094815
4,31,163,272276
2,31,8,18232
2,31,9,17219
1,31,5,17954
3,31,39,96046
5,31,365,1469006
1,31,3,5400
2,31,37,42423
1,31,3,6300
3,31,13,33126
3,31,12,32232
2,31,28,39323
1,31,12,23687
2,31,20,14660
3,31,34,52607
4,31,235,445355
1,31,4,4000
2,31,13,72138
1,31,6,14899
3,31,94,475711
1,31,3,5625
1,31,3,12043
3,31,6,24191
3,31,22,124749
3,31,36,174763
2,31,6,28455
1,31,3,5272
1,31,5,8925
2,31,10,11020
2,31,10,20040
1,31,1,1100
2,31,3,4200
3,31,11,40241
1,31,7,13505
2,31,12,21505
3,31,66,175774
4,31,162,340252
2,31,18,33725
5,31,82,136289
1,31,4,7116
1,31,10,41580
4,31,136,328304
1,31,6,25350
1,31,8,18085
2,31,4,13420
2,31,4,17400
4,31,179,335068
5,31,72,206201
4,31,73,188412
6,31,465,1162705
3,31,15,24043
5,31,194,920221
1,31,6,12260
3,31,2,2080
3,31,2,4883
4,31,27,52560
5,31,42,76034
2,31,7,10296
3,31,30,105655
4,31,100,309742
3,31,78,168742
4,31,98,271530
5,31,345,1126629
1,31,3,3600
2,31,18,37070
4,31,107,233623
2,31,13,33622
5,31,278,872473
6,31,413,1336622
2,31,10,47017
2,31,6,15836
3,31,58,151096
1,31,10,18617
3,31,28,91496
1,31,11,22365
3,31,34,59623
1,31,4,7700
2,31,14,36024
3,31,27,99846
4,31,86,289818
1,31,9,21491
1,31,6,20750
1,31,2,3800
2,31,10,25308
2,31,8,25793
3,31,40,135726
1,31,5,10500
1,31,5,6700
2,31,4,7436
3,31,66,320665
4,31,54,139819
6,31,826,1817497
2,31,1,3500
1,31,8,20455
1,31,6,11450
2,31,10,15441
2,31,22,77509
2,31,10,15430
2,31,17,32240
3,31,67,176489
5,31,273,610387
4,31,36,73570
5,31,54,145691
1,31,7,16522
2,31,13,25098
3,31,35,70619
2,31,26,42629
6,31,742,2453016
1,31,8,15327
3,31,58,89175
3,31,71,256429
1,31,8,17518
2,31,14,21110
5,31,357,1154792
5,31,422,7321309
6,31,671,2478079
1,31,6,11500
2,31,20,45286
3,31,58,132353
1,31,5,9500
1,31,3,5775
2,31,27,126807
2,31,7,14186
3,31,26,79502
3,31,26,55809
1,31,5,12428
1,31,0,0
2,31,7,15740
3,31,41,63106
4,31,39,138604
4,31,80,159178
1,31,0,0
2,31,11,21697
3,31,13,28306
2,31,44,61055
3,31,63,86460
3,31,66,212408
4,31,113,65839
4,31,204,698087
4,31,111,72966
5,31,350,751917
1,31,2,4200
3,31,33,49264
3,31,26,45060
2,31,6,11237
4,31,12,19803
1,31,3,13566
1,31,7,24537
2,31,15,81922
4,31,48,253036
2,31,5,50073
2,31,8,28874
2,31,6,78314
3,31,45,288018
1,31,0,0
2,31,23,118159
3,31,26,129472
4,31,44,147856
2,31,17,47766
3,31,16,46902
1,31,16,20350
1,31,5,10275
2,31,5,9288
3,31,35,38926
2,31,9,10324
2,31,9,11527
2,31,11,18705
3,31,35,41758
3,31,52,59229
3,31,29,34387
4,31,117,151997
2,31,20,73809
1,31,7,27573
3,31,55,166814
4,31,215,832196
1,31,6,19800
2,31,21,39738
3,31,47,94179
4,31,103,360047
5,31,274,732411
1,31,4,15247
3,31,26,52747
2,31,10,28975
2,31,11,23889
4,31,129,576058
5,31,426,1378296
6,31,1085,4313577
1,31,10,8950
2,31,6,12000
3,31,41,38511
5,31,165,358860
1,31,0,0
1,31,0,0
2,31,2,6180
2,31,9,18732
3,31,22,38153
4,31,49,74760
3,31,26,112021
4,31,25,74476
1,31,0,0
3,31,15,30390
1,31,6,8600
2,31,7,15109
2,31,11,16333
3,31,9,14970
4,31,88,273806
6,31,654,3642676
1,31,6,11000
2,31,17,45253
3,31,38,130605
1,31,4,5751
2,31,5,9352
1,31,6,10103
2,31,14,22820
1,31,1,1000
6,31,553,2634150
3,31,35,395084
6,31,2200,23103126
6,31,539,947764
4,31,95,227497
2,31,5,14663
3,31,44,99380
2,31,9,31371
1,31,4,5460
3,31,46,87013
6,31,1135,7204404
4,31,163,613008
3,31,30,75855
4,31,161,1324577
2,31,33,99787
3,31,37,123699
3,31,35,123812
1,31,6,17780
3,31,49,120309
1,31,5,6625
2,31,25,62284
3,31,11,27637
4,31,94,254291
6,31,551,1150708
6,31,294,885546
6,31,462,886824
1,31,4,7400
1,31,5,6000
2,31,11,24189
2,31,3,5200
3,31,5,10077
2,31,11,12821
1,31,4,7200
2,31,9,30916
3,31,11,17796
1,31,3,4400
2,31,18,35014
3,31,57,129700
1,31,8,9090
2,31,19,42734
3,31,13,25047
1,31,9,45199
4,31,96,175251
2,31,25,55412
4,31,160,432321
1,31,4,5000
1,31,5,6400
1,31,8,9385
2,31,9,16400
3,31,32,60750
4,31,50,109855
5,31,418,1057896
1,31,5,10900
1,31,3,7900
2,31,11,39748
2,31,11,29586
3,31,78,163436
4,31,88,285994
1,31,4,7550
2,31,17,36354
3,31,48,126608
4,31,160,443942
1,31,4,12253
1,31,12,28600
3,31,25,72436
2,31,14,37317
3,31,11,40415
3,31,64,275922
4,31,135,308658
4,31,65,175183
6,31,5358,17048096
6,31,877,2163621
2,31,7,11219
2,31,6,12512
3,31,29,95044
1,31,2,3200
5,31,407,1131088
1,31,4,7150
1,31,18,47255
2,31,15,25794
2,31,8,18008
3,31,18,21601
3,31,14,22615
1,31,5,16160
1,31,7,11382
2,31,8,9819
2,31,13,20899
3,31,50,152931
4,31,283,1114634
6,31,581,2205498
3,31,50,143355
4,31,137,386833
1,31,12,19700
1,31,7,10100
2,31,7,7750
1,31,6,8580
2,31,11,20363
3,31,31,91440
4,31,288,960300
1,31,5,12116
1,31,5,6600
2,31,10,38504
3,31,37,83496
1,31,7,20339
1,31,9,17053
1,31,4,16153
2,31,12,20966
2,31,11,36027
3,31,31,91963
3,31,35,72938
1,31,5,16479
2,31,5,18641
3,31,15,47233
4,31,46,83604
5,31,182,620592
2,31,8,12326
1,31,0,0
1,31,4,3200
2,31,2,1800
2,31,5,8200
2,31,6,9400
3,31,15,42184
3,31,23,22906
3,31,47,99064
4,31,69,179249
1,31,17,20145
2,31,10,27750
2,31,20,71238
3,31,26,62125
3,31,31,59876
4,31,173,562940
4,31,147,102900
5,31,448,1107651
1,31,9,14858
1,31,6,16304
2,31,21,63275
2,31,15,35320
3,31,77,155805
3,31,35,72284
4,31,116,408318
6,31,700,2757805
6,31,540,941315
1,31,2,6138
1,31,4,8437
2,31,28,75047
2,31,19,43747
6,31,786,4845889
1,31,3,14793
1,31,2,7197
2,31,11,38286
3,31,26,72046
3,31,28,111893
1,31,8,54140
2,31,8,41080
1,31,3,5963
1,31,6,12775
2,31,19,28580
2,31,11,14682
2,31,7,8775
2,31,10,12669
2,31,13,16776
3,31,29,34985
3,31,52,53834
3,31,32,46093
4,31,142,145486
4,31,200,286967
6,31,877,3346224
6,31,1364,5432686
1,31,10,21528
2,31,15,19759
1,31,8,35650
2,31,12,25650
6,31,748,5072291
1,31,9,26519
2,31,28,74319
2,31,12,60032
3,31,44,127096
3,31,67,395137
4,31,132,534027
4,31,75,227615
5,31,498,4796455
1,31,3,4760
2,31,24,28183
3,31,40,68450
4,31,130,270521
6,31,872,4190134
1,31,5,7000
2,31,33,46470
2,31,8,13488
3,31,26,68716
1,31,0,0
1,31,0,0
2,31,2,4250
2,31,4,7828
2,31,0,0
3,31,29,125592
3,31,32,131156
4,31,191,1007251
1,31,0,0
2,31,2,12420
3,31,6,23099
6,31,374,1334279
2,31,10,21105
2,31,9,24148
4,31,48,151406
2,31,3,5610
3,31,32,98339
1,31,2,2300
1,31,2,2300
2,31,6,20191
3,31,47,85789
3,31,42,86126
3,31,32,95785
4,31,71,158832
1,31,7,10219
2,31,22,52483
1,31,5,6082
1,31,5,7663
2,31,28,90514
2,31,7,12255
1,31,5,5350
2,31,11,20072
2,31,24,59129
3,31,68,242815
1,31,1,990
2,31,11,17143
2,31,14,26843
2,31,10,26080
2,31,10,17020
4,31,111,186162
2,31,12,42587
2,31,16,38894
2,31,15,22354
6,31,453,1002133
3,31,51,101118
3,31,26,50703
4,31,102,201393
4,31,103,204092
4,31,24,68751
4,31,66,121848
2,31,27,55620
4,31,116,258953
4,31,120,255287
4,31,68,139150
1,31,6,15420
2,31,26,64488
4,31,120,408958
1,31,10,17000
2,31,7,11681
3,31,35,72403
4,31,88,256683
4,31,61,132286
1,31,5,10890
3,31,9,14725
1,31,5,9960
2,31,19,32923
2,31,16,47183
2,31,8,21835
3,31,50,160054
3,31,33,60340
3,31,51,121599
4,31,92,311967
4,31,130,208508
5,31,202,425469
1,31,6,14700
1,31,8,25050
2,31,18,43399
4,31,63,104964
4,31,86,179374
2,31,14,32566
4,31,107,195099
1,31,5,11868
1,31,6,21918
2,31,15,27439
3,31,45,91818
4,31,111,201629
4,31,88,179896
5,31,273,735799
1,31,7,13873
1,31,1,1195
1,31,7,25165
2,31,28,52379
2,31,5,7080
2,31,3,4532
3,31,50,122461
4,31,138,246093
4,31,91,326527
1,31,6,15808
2,31,12,25914
3,31,36,84722
3,31,20,35028
3,31,26,43278
4,31,75,203654
4,31,191,479947
5,31,152,343118
1,31,2,2433
2,31,13,31023
4,31,52,77066
6,31,156,306290
2,31,7,18793
3,31,28,45388
4,31,133,436988
3,31,103,203729
6,31,335,661618
1,31,4,8900
1,31,10,22509
2,31,24,50910
2,31,3,14850
3,31,18,36327
3,31,53,117329
3,31,63,116103
4,31,114,435122
4,31,161,346931
4,31,228,528858
5,31,337,567614
4,31,103,252169
1,31,6,16515
2,31,8,15244
3,31,37,76666
3,31,37,62051
4,31,158,285344
4,31,106,159815
4,31,131,482597
5,31,317,1478563
5,31,214,591121
1,31,4,6789
4,31,71,140992
4,31,240,482297
1,31,9,14650
2,31,6,8217
3,31,42,61971
3,31,22,37673
1,31,4,4900
2,31,11,19009
3,31,34,88174
2,31,12,30371
2,31,17,44867
1,31,1,3000
1,31,6,6750
2,31,9,25400
2,31,6,13824
1,31,4,9120
3,31,60,208940
1,31,5,8133
3,31,21,29339
4,31,83,107453
1,31,4,6320
1,31,2,2800
2,31,1,1400
3,31,24,25834
2,31,32,19200
5,31,384,199027
6,31,892,1653871
2,31,13,29130
1,31,3,8200
2,31,3,4640
1,31,5,5500
3,31,43,220744
1,31,5,26851
2,31,8,11625
2,31,8,48956
3,31,7,56642
1,31,6,11413
2,31,9,19744
2,31,4,9916
3,31,28,32188
3,31,32,32026
1,31,6,13400
1,31,9,14000
2,31,16,12803
4,31,187,193537
1,31,1,1791
1,31,1,1500
2,31,10,22238
2,31,11,43562
3,31,30,57561
4,31,55,223866
2,31,4,11090
2,31,3,8000
4,31,54,233525
1,31,0,0
2,31,9,12462
1,31,3,5023
4,31,60,129742
3,31,63,137248
4,31,116,830315
1,31,9,17286
2,31,15,26087
4,31,91,192852
1,31,1,1500
4,31,114,206390
4,31,101,205565
2,23,11,44948
2,23,13,35309
1,23,6,15278
1,23,2,2200
3,23,36,121846
4,23,97,150476
3,23,9,7389
2,23,15,28598
3,23,36,146063
2,23,26,81298
2,23,12,26318
4,23,178,312100
2,23,9,13461
1,23,7,16234
2,23,14,30642
2,23,20,37989
2,23,13,27301
2,23,11,23641
3,23,32,50669
3,23,53,115023
3,23,104,283355
4,23,67,145315
5,23,271,808889
4,23,124,214657
1,23,2,3180
5,23,382,2692839
1,23,8,8902
2,23,23,67760
3,23,33,95526
1,23,10,14907
2,23,12,16550
4,23,122,293187
1,23,2,4000
2,23,14,57833
5,23,231,695098
1,23,11,21847
1,23,5,8770
2,23,9,16925
2,23,16,25866
3,23,37,52933
3,23,58,146784
5,23,487,935572
1,23,6,8288
2,23,6,15950
1,23,7,9514
3,23,12,25150
5,23,247,503393
1,23,11,15562
1,23,6,7349
2,23,10,16249
2,23,8,9850
5,23,267,559529
5,23,479,1645023
5,23,409,768055
2,23,13,21730
4,23,48,114297
4,23,200,852250
1,23,4,6082
2,23,6,13455
3,23,32,49450
1,23,3,2950
2,23,9,17210
2,23,13,26298
1,23,3,6000
3,23,15,28345
3,23,45,90030
6,23,178,319660
1,23,7,20354
2,23,8,21109
2,23,17,29548
4,23,163,352580
1,23,5,9895
6,23,9894,38664906
2,23,32,51223
1,23,7,13400
2,23,3,2705
2,23,11,20507
3,23,27,48411
4,23,80,159185
4,23,156,386617
1,23,7,10337
2,23,20,37856
3,23,34,63375
4,23,173,575604
2,23,17,21700
1,23,24,42864
2,23,6,7250
3,23,51,415724
4,23,204,981848
2,23,13,33050
2,23,15,33147
3,23,40,152676
3,23,30,66794
4,23,72,145505
4,23,36,160958
1,23,7,12130
2,23,10,8760
1,23,0,0
3,23,10,15067
3,23,11,14312
2,23,19,14262
3,23,112,201577
3,23,97,65078
3,23,112,85365
3,23,162,99113
5,23,436,820489
2,23,16,33405
4,23,11,27107
1,23,5,17756
2,23,6,7200
2,23,12,35343
1,23,4,17621
2,23,6,31886
2,23,10,66228
3,23,20,96381
1,23,2,8712
3,23,35,129858
2,23,7,28488
1,23,6,5490
2,23,14,18225
2,23,11,20780
2,23,8,15172
2,23,8,12658
2,23,12,12466
3,23,80,101113
3,23,39,101390
3,23,35,110747
4,23,202,569194
1,23,5,16845
1,23,7,5800
6,23,781,2924882
1,23,0,0
2,23,1,2589
2,23,0,0
3,23,22,34600
2,23,2,5350
3,23,14,33667
1,23,4,4050
3,23,61,141436
1,23,1,1850
2,23,17,35200
3,23,30,63129
3,23,28,55456
4,23,217,1038551
1,23,5,6025
1,23,5,16688
1,23,8,9900
2,23,11,21922
1,23,14,58560
2,23,10,14220
3,23,43,69423
4,23,27,57699
1,23,3,9721
1,23,5,7750
1,23,5,11390
1,23,7,12000
1,23,6,23449
3,23,341,1737460
2,23,6,17200
1,32,5,8754
4,32,122,322309
1,32,3,7271
2,32,18,31171
1,32,4,7037
2,32,25,133612
3,31,76,352986
2,32,12,18234
1,31,3,2240
2,32,16,30812
2,32,15,28106
3,31,7,6300
4,32,105,243484
1,32,6,7700
2,32,12,27280
3,32,40,65273
1,32,5,16720
1,32,5,22550
1,32,4,4050
2,32,12,15772
1,32,4,7330
3,32,16,22727
1,31,1,1550
6,32,474,1630569
1,32,7,10040
4,32,44,176863
6,32,247,923107
1,32,0,0
3,32,26,57113
3,32,56,151878
2,31,15,24470
1,32,2,3344
2,32,19,31740
1,31,5,6192
2,31,9,15441
3,31,65,127298
3,31,86,185914
3,31,90,186630
4,31,248,634504
4,31,189,491143
4,31,104,222629
6,31,1147,3151448
6,31,611,1751446
6,31,1125,4259523
1,31,5,17582
1,31,2,2500
1,31,9,17900
3,31,67,313520
6,31,515,1469545
3,31,35,95604
1,31,4,3360
3,31,81,191085
1,31,3,7100
1,31,5,8305
3,31,37,18364
1,31,4,29607
2,31,7,24853
2,31,10,84857
2,31,17,18965
2,31,5,5909
1,31,4,3800
2,31,8,17478
2,31,9,27062
2,32,25,44388
3,32,56,122167
2,32,16,37305
2,32,8,18689
3,32,34,80280
3,32,65,199755
5,32,322,2453363
1,32,6,14000
3,32,30,81823
1,32,6,12600
3,32,85,149510
3,32,48,181436
4,32,139,380230
2,32,13,6260
6,32,325,493973
5,32,345,959545
6,32,2042,6814373
2,32,25,47760
3,32,25,43750
3,32,58,268287
4,32,81,289895
1,32,13,19500
2,32,5,11500
1,32,5,10576
1,32,5,7532
3,32,12,20888
2,32,14,26475
5,32,332,1706861
6,32,420,2065555
2,32,16,38502
1,32,4,9224
4,32,135,382507
2,32,13,23730
4,32,201,869448
3,32,38,133543
1,32,9,12890
2,32,18,36000
1,32,6,16230
2,32,14,15630
1,32,5,4550
1,32,2,3969
2,32,18,25173
2,32,11,19387
1,32,2,3100
3,32,39,91598
2,32,10,9300
3,32,28,58207
3,32,32,46804
3,32,31,103837
5,32,207,621937
1,32,1,850
3,32,37,56534
1,32,2,4088
4,32,169,252402
3,32,29,87036
3,32,67,142659
3,32,42,97174
2,32,10,11487
3,32,35,164033
2,32,0,0
3,32,38,122992
1,32,4,14740
1,32,9,22192
1,32,3,10902
1,32,5,17853
1,32,5,4916
2,32,15,18120
1,32,1,900
4,32,88,220859
2,32,17,61794
5,32,129,607011
4,32,57,135224
1,32,4,4600
4,32,96,346954
1,32,5,7960
3,32,37,104580
2,32,10,16963
2,32,10,18249
2,32,11,16437
3,32,29,41359
4,32,91,310743
2,32,10,16719
2,32,2,3500
4,32,148,253043
3,32,25,44356
2,32,7,13270
1,32,3,5086
2,32,19,38196
5,32,292,1178768
1,32,2,3750
3,32,28,69440
4,32,49,199884
3,32,62,113132
4,32,134,338588
2,32,12,26795
4,32,69,67820
2,32,31,52639
4,32,93,442267
3,32,27,45935
3,32,44,109309
2,32,18,33690
1,32,4,4700
3,32,49,59841
3,32,12,33667
3,32,9,19869
3,32,45,103532
2,32,6,16808
1,32,5,15207
2,32,7,6035
2,32,4,25003
1,32,1,5780
2,34,6,12156
3,32,25,64942
4,32,95,388483
2,32,9,10057
1,32,12,14953
2,32,10,10720
2,32,9,37830
1,32,3,3805
1,32,5,14536
5,33,573,2035334
5,33,377,754167
1,33,6,6209
3,33,73,170826
2,33,11,25374
2,33,10,20030
1,33,2,4268
2,33,2,3500
3,33,15,44561
4,33,283,753292
5,33,203,699187
5,33,273,664867
4,33,118,276816
6,33,65,139368
6,33,348,773334
4,33,148,351393
5,33,361,1731484
1,33,8,20900
2,33,9,15560
2,33,9,7450
6,33,357,1100886
4,33,70,137367
5,33,544,1663244
6,33,1525,4150770
1,33,4,6900
1,33,5,10360
2,33,15,37324
3,33,54,118478
4,33,67,211923
2,33,14,22302
1,33,4,10700
2,33,14,31196
4,33,245,996196
2,33,11,25121
5,33,359,708017
3,33,1,8161
4,33,214,413873
6,33,830,1900421
1,33,2,3000
3,33,16,27403
4,33,174,591612
6,33,1350,2772591
6,33,600,3244881
2,33,5,10187
3,33,42,144455
4,33,83,266818
5,33,253,575747
4,33,188,478325
5,33,267,1067314
6,33,537,946307
3,33,41,77894
4,33,148,294774
5,33,215,451386
1,33,7,6582
3,33,41,89179
1,33,6,9593
1,33,6,8645
2,33,23,72744
3,33,30,105662
4,33,122,367024
1,33,8,8600
2,33,21,43275
1,33,2,1297
1,33,4,4970
2,33,15,31186
3,33,31,46300
2,33,9,22546
2,33,22,59355
3,33,7,13067
1,33,4,9415
1,33,0,0
4,33,119,287374
1,33,4,10211
2,33,7,19352
3,33,0,0
3,33,2,3590
3,33,16,29355
1,33,6,4400
2,33,9,6300
3,33,85,205053
3,33,69,180709
4,33,167,319929
4,33,200,360610
3,33,76,238238
1,33,0,0
1,33,3,10611
2,33,28,139492
3,33,38,240809
3,33,54,268338
1,33,4,16166
1,33,5,9444
2,33,9,56160
3,33,28,82247
1,33,4,20806
2,33,13,58520
3,33,13,48739
1,33,6,5852
2,33,10,78278
2,33,10,15272
2,33,6,8134
4,33,186,233999
4,33,59,68238
1,33,4,5600
3,33,39,162180
2,33,23,56130
4,33,23,47795
1,33,2,3350
2,33,4,8545
3,33,24,42835
3,33,45,48455
4,33,10,26098
1,33,0,0
1,33,0,0
2,33,3,3970
2,33,2,2250
3,33,40,105323
4,33,117,376625
1,33,0,0
4,33,31,89643
1,33,0,0
2,33,8,16148
3,33,11,21736
2,33,13,49215
3,33,18,54109
4,33,94,631188
1,33,2,3000
3,33,34,87172
4,33,76,275612
1,33,4,4400
2,33,16,31636
1,33,5,10887
2,33,15,32724
1,33,3,2400
3,33,5,10548
1,33,7,11353
2,33,13,42770
2,33,19,44099
1,33,13,24185
2,33,17,38134
2,33,20,34319
2,33,6,9440
3,33,5,7600
3,33,30,52828
4,33,80,205201
2,33,9,15486
2,33,6,8724
3,33,35,64034
3,33,21,38752
3,33,23,36313
2,33,21,47500
3,33,18,45205
1,33,11,24152
3,33,52,117051
4,33,254,775134
2,33,10,17623
3,33,36,137939
1,33,4,6754
2,33,12,25181
3,33,52,101572
4,33,96,186167
5,33,470,1386537
5,33,238,1942670
1,33,7,15301
3,33,20,43840
4,33,24,46946
2,33,5,10300
3,33,52,156151
1,33,3,2900
1,33,4,11500
1,33,4,11222
2,33,9,15850
3,33,36,65384
3,33,20,49134
4,33,107,216342
2,33,11,28674
3,33,56,103367
3,33,41,23787
1,33,4,9790
2,33,18,36320
1,33,3,13241
2,33,9,24206
3,33,26,73510
1,33,4,5954
2,33,10,11319
2,33,13,15359
1,33,12,27014
1,33,2,3755
1,33,1,1200
3,33,43,205958
6,33,531,3674956
3,33,14,31209
4,33,30,52751
2,33,7,12110
2,33,14,25252
1,33,8,15956
2,33,11,18916
1,33,6,26052
1,34,5,6337
3,34,26,46561
2,25,18,44391
3,25,11,16248
2,25,14,23994
4,34,83,215452
4,25,97,318555
3,34,77,158618
2,34,6,12299
4,25,65,137953
5,25,434,1942125
6,25,522,2139995
4,25,65,115169
3,25,36,80758
1,25,6,4800
1,25,3,4623
2,25,9,10500
4,25,219,692785
1,25,11,11593
4,25,183,546933
3,25,18,26015
4,25,85,181830
1,25,5,8000
6,25,594,1834281
2,25,11,17808
1,25,5,11300
3,25,30,79447
4,25,78,295369
6,25,2106,5170207
1,34,4,9722
4,25,126,230679
4,34,137,453758
5,25,405,2526702
1,34,9,24649
3,34,83,152154
2,25,15,35991
6,25,1210,5866560
4,25,151,637168
1,25,13,23451
4,25,266,709041
1,25,4,5800
3,25,9,12187
2,25,9,13905
2,25,16,29921
6,34,1272,5539158
1,25,9,21220
5,34,471,918497
3,25,106,200133
1,25,12,32633
2,25,11,25857
3,25,91,235844
3,34,40,60960
4,34,43,56943
4,25,126,291650
4,25,137,371980
4,34,115,273204
1,25,6,12500
4,34,62,109457
2,34,9,18312
2,34,6,13696
3,34,38,55477
2,25,75,207635
4,25,190,688649
1,25,7,9700
1,34,7,39566
1,25,8,18420
1,25,4,3874
2,34,8,33356
6,25,836,2667048
1,25,5,5300
1,25,3,3200
2,25,26,53125
2,34,11,17400
3,25,73,294373
6,25,796,2283995
1,25,3,2400
2,25,14,32085
3,25,77,134061
3,25,44,130261
1,25,7,23000
1,34,12,17493
3,25,20,75532
3,25,34,54871
1,25,2,5545
3,25,34,74331
2,25,4,11000
1,25,5,8350
2,25,27,83025
4,25,88,227548
4,25,57,113858
4,25,64,92021
1,25,1,2400
1,25,1,3000
3,25,34,99002
3,25,20,34017
3,25,41,72853
4,25,126,212592
2,25,3,4800
3,34,9,18135
3,25,7,20293
2,25,14,19582
4,25,201,653394
4,25,107,273822
1,25,4,6327
3,25,72,56287
3,25,44,28840
3,25,35,24175
3,25,42,24360
3,25,43,23287
1,25,7,17812
2,25,18,38769
2,25,17,31935
6,25,1467,6166553
1,34,5,4622
6,25,635,1339405
3,34,76,331342
4,25,101,258038
1,25,7,25470
5,25,113,279016
1,25,6,15178
2,25,8,20087
2,25,26,139093
2,25,21,109853
3,25,54,340095
2,25,43,224490
2,25,2,4030
1,25,3,25788
1,34,1,2635
1,25,4,5560
2,34,7,12751
3,25,100,280429
3,25,16,31410
3,25,23,65700
2,25,8,47141
2,25,29,152652
3,25,57,273258
3,25,17,77794
2,25,6,40629
2,25,6,26441
4,25,156,587671
1,25,8,12255
1,25,22,19114
2,25,26,28627
2,25,25,27963
2,25,6,5994
2,25,13,16101
3,25,22,24361
3,25,33,36502
3,25,29,33859
3,25,74,73677
2,25,15,17121
3,25,17,26301
2,25,5,5700
2,25,3,7000
2,25,15,27011
2,25,17,43388
3,25,27,138433
4,25,154,584056
5,25,339,6131333
5,25,211,529915
6,25,1256,5960480
1,25,1,1750
2,25,19,69840
3,25,96,264477
3,25,105,654781
4,25,240,1667516
4,25,497,1447252
5,25,459,955025
6,25,2079,9614573
6,25,504,2170420
6,25,607,2622993
4,25,145,658890
5,25,374,1352010
1,34,8,7810
2,25,4,9353
3,25,23,36912
3,25,79,86900
4,25,38,42092
1,25,8,10950
1,25,1,4074
1,25,8,16982
3,25,37,74813
1,25,0,0
1,25,4,3670
2,25,0,0
2,34,2,4141
2,25,4,4600
2,34,23,110042
3,34,44,217133
3,25,62,321225
3,25,46,243335
4,25,198,682638
4,25,135,545446
5,34,226,1018654
6,25,524,1667929
4,25,96,253555
6,34,342,850316
3,34,8,15816
1,25,2,29026
2,25,2,3860
2,25,4,12000
3,25,13,30801
3,25,1,2693
1,34,1,1400
3,25,1,3801
2,25,8,27683
3,25,32,151586
4,25,116,623716
2,25,20,34818
2,25,36,114729
3,34,40,104264
1,25,1,1400
4,25,235,529650
3,25,13,16000
3,25,27,39554
1,25,2,5094
3,25,22,28123
4,25,150,980986
1,25,3,3696
1,25,1,300
2,25,23,109986
3,25,41,105881
2,25,13,20500
3,25,28,79362
4,25,74,191736
1,25,4,4500
2,25,5,8700
1,25,5,7840
3,25,12,17106
3,25,23,34516
1,34,5,10560
4,25,158,414703
3,34,26,35328
1,34,14,35950
2,34,5,9200
2,34,7,25600
2,34,3,4731
3,34,23,57771
4,34,81,208083
4,34,81,157331
1,34,2,4237
3,34,28,68839
4,34,18,36729
2,34,2,4800
3,34,46,140159
3,34,38,76163
4,34,148,511584
2,34,10,31923
3,34,42,119392
1,34,10,18874
2,34,8,18533
4,34,89,197916
2,34,18,32633
3,34,29,56852
4,34,46,90770
3,34,13,38896
4,34,239,444540
1,34,4,6196
2,34,17,45386
3,34,13,20504
4,34,134,365119
4,34,96,327139
6,34,1934,4523328
3,34,34,74488
5,34,282,790953
5,34,467,1924301
1,34,5,11177
2,34,8,22377
3,34,23,37000
4,34,209,268210
2,34,27,66643
3,34,40,74615
4,34,182,683338
5,34,363,911961
6,34,440,1068691
1,34,6,9599
3,34,31,55360
6,34,306,662523
4,34,183,381929
5,34,299,715617
3,34,29,59828
4,34,77,178537
5,34,177,343618
6,34,2233,9724538
4,34,90,377390
4,34,68,89167
5,34,306,871864
2,34,6,8367
2,34,4,7675
3,34,102,198692
3,34,37,113705
5,34,334,1388966
4,34,320,788280
4,34,177,360734
4,34,164,379434
3,34,9,23004
5,34,211,442117
6,34,541,1432869
3,34,37,92884
1,34,7,13000
3,34,51,172191
1,34,8,11970
2,34,11,21700
3,34,50,101850
1,34,6,7950
2,34,12,19412
3,34,36,81584
1,34,8,16032
3,34,20,33745
1,34,8,13721
2,34,12,23800
1,34,4,7200
1,34,5,7103
3,34,44,135140
4,34,69,119387
1,34,1,2200
2,34,6,10700
3,34,19,78256
3,34,14,33116
3,34,13,14472
4,34,70,137133
1,34,3,5361
2,34,33,102626
2,34,16,26381
4,34,163,325906
4,34,225,660953
6,34,16,32965
2,34,19,27900
3,34,50,153872
1,34,7,11928
1,34,6,11200
1,34,6,15699
1,34,4,18491
1,34,5,42454
2,34,9,33470
3,34,42,172470
3,34,22,112299
2,34,7,31818
2,34,19,84879
3,34,62,305482
1,34,5,17272
2,34,6,25361
1,34,4,7019
2,34,14,81690
2,34,17,20260
4,34,3,9779
4,34,92,320293
4,34,127,404332
6,34,206,682551
1,34,0,0
2,34,19,27571
2,34,12,35036
2,34,4,4621
1,34,2,2000
3,34,13,31217
1,34,0,0
4,34,172,461901
4,34,173,445125
5,34,319,946711
6,34,457,2207661
1,34,1,5000
4,34,60,190149
6,34,183,608164
1,34,7,8685
3,34,51,109345
4,34,145,215234
2,34,16,44501
1,34,8,18576
1,34,3,8822
2,34,5,10400
3,34,27,83036
2,34,27,77151
2,34,18,53312
3,34,17,25341
2,34,14,19490
5,34,309,731789
6,34,795,5322433
3,34,45,107604
6,34,917,3193299
3,34,19,28900
1,34,5,10129
2,34,13,17158
4,34,146,315027
6,34,1018,6129415
1,34,8,25271
3,34,36,114285
3,34,40,127649
6,34,670,2485814
3,34,43,654379
1,34,6,4496
1,34,1,2000
3,34,33,90647
3,34,65,39180
2,34,6,8800
3,34,22,52128
1,34,6,17130
3,34,66,179350
2,34,9,82868
3,34,33,162270
1,34,4,15206
2,34,11,28935
2,34,7,8675
1,34,1,3115
2,34,10,12875
5,34,395,1408834
3,34,7,16081
2,34,1,2651
4,34,22,44199
1,34,5,8550
2,34,12,17200
3,34,22,64505
3,35,65,157156
1,35,9,15324
1,35,5,8780
1,35,6,4200
2,35,9,17100
4,35,60,154955
3,35,49,212974
2,35,7,14700
5,35,54,98894
2,35,0,0
3,35,2,1830
3,35,9,12119
2,35,8,19879
1,35,1,1300
3,35,24,36624
4,35,99,223730
6,35,559,1174216
1,35,5,4500
2,35,34,50189
3,35,26,37407
1,35,5,8357
3,35,25,48050
2,35,8,32542
2,35,21,89340
3,35,28,141437
4,35,117,372224
4,35,93,286306
2,35,21,98966
2,35,25,63796
1,35,16,13383
2,35,15,18205
1,35,10,14260
2,35,15,35100
1,35,3,9717
2,35,8,28669
3,35,24,54543
1,35,3,3250
2,35,8,11314
3,35,8,15817
1,35,11,22900
1,35,3,4883
2,35,7,9800
2,35,6,12082
3,35,4,12250
3,35,22,49814
1,35,4,7800
2,35,7,23315
3,35,15,24332
3,35,16,25073
1,35,10,16750
2,35,7,11384
3,35,76,239094
3,35,63,179763
4,35,221,570468
4,35,204,694412
2,35,5,4900
2,35,2,2787
1,35,4,14351
1,35,6,18923
1,35,5,19628
2,35,22,112256
4,35,90,458703
1,35,4,12500
1,35,2,3569
1,35,2,5361
2,35,8,13254
2,35,14,35801
3,35,22,83567
3,35,25,79493
1,35,3,9158
1,35,5,24100
2,35,17,71194
3,35,24,76454
1,35,4,64164
1,35,5,8062
2,35,12,12470
2,35,13,14908
2,35,14,32942
1,35,4,4224
2,35,14,16009
1,35,4,3210
2,35,19,48092
1,35,1,700
1,35,1,1000
2,35,8,11650
2,35,1,1574
2,35,53,104912
3,35,32,146884
3,35,45,135624
4,35,82,204607
1,35,0,0
3,35,29,86826
1,35,6,7334
3,35,12,27476
2,35,7,10800
3,35,33,106457
4,35,97,387232
1,35,2,1800
2,35,8,22656
1,35,3,1584
2,35,20,36844
1,35,5,8567
1,35,7,4811
2,35,23,38671
3,35,28,55181
1,35,4,4750
2,35,16,25696
1,35,7,10700
2,35,17,22060
2,35,6,8110
2,35,13,21300
3,35,40,83832
6,35,486,1017731
4,35,88,166459
2,35,0,0
3,35,4,10885
4,35,145,304032
4,35,227,519611
1,35,6,9350
1,35,8,14200
2,35,10,22750
1,35,6,37561
4,35,200,564916
3,35,105,145012
4,35,198,546472
6,35,505,2588896
2,35,1,1900
1,35,8,34179
1,35,6,4500
1,35,3,6358
3,35,47,140819
1,35,5,9500
2,35,9,5960
3,35,33,60546
1,35,4,4300
1,35,4,12365
1,35,5,17646
2,35,4,89063
1,35,4,36765
1,35,6,6657
2,35,23,24094
2,35,11,11080
6,35,799,3644334
2,35,5,14700
4,35,66,390109
4,35,227,883300
2,35,8,12400
2,35,8,7600
2,35,10,18900
3,35,23,44390
2,35,5,28530
4,35,11,25215
4,35,142,320351
5,35,296,942220
2,35,7,10256
2,35,15,29659
3,35,37,66758
3,35,37,81945
4,35,126,348891
5,35,325,2684987
5,35,418,1038039
4,35,121,476078
5,35,288,975106
5,35,412,1116079
5,35,228,745192
2,35,11,22607
6,35,1364,3324424
3,35,27,46527
4,35,115,198187
6,35,715,2390934
3,35,46,110282
3,35,21,61873
2,35,12,15850
4,35,7,9468
3,35,12,21275
1,35,5,8136
3,35,78,45276
4,35,122,219873
1,35,5,5000
3,35,31,58185
3,35,25,113888
3,35,50,148197
2,35,9,45288
1,35,4,18017
2,35,12,12376
3,35,17,52851
3,35,79,65535
1,35,1,1077
3,35,32,143118
3,35,32,149860
3,35,16,75174
2,35,2,2834
1,35,5,10130
1,35,8,17256
1,35,4,3700
3,24,22,43234
5,36,470,1240000
1,36,5,4780
2,24,17,55919
2,36,10,17600
2,36,10,9450
3,36,5,10480
1,24,5,8574
4,24,174,577867
5,24,257,1278657
5,24,73,144741
6,24,104,223072
1,24,1,1000
2,24,14,24267
3,24,23,33914
4,36,128,260300
2,36,19,33664
1,24,3,7884
2,24,15,24642
3,24,41,157690
3,24,22,43824
2,24,9,12868
6,36,1966,10606608
2,36,21,32666
3,24,82,152785
2,36,7,9475
3,24,62,120209
2,36,18,31999
4,24,119,315670
1,24,4,5650
3,36,53,133874
2,24,17,31418
3,24,14,24706
2,24,16,36819
4,24,145,183484
6,24,655,1566115
4,24,205,398786
3,36,24,58283
3,24,54,77654
4,24,11,22777
6,24,492,1113088
1,24,3,3100
2,24,5,6500
3,24,12,22721
6,24,6157,17110591
3,24,95,116820
1,24,4,3400
2,24,7,18250
2,24,11,33056
2,24,12,14730
6,36,1370,5323167
1,36,8,38196
1,36,9,30883
3,24,61,233255
2,36,23,61513
4,24,114,762155
6,24,586,1742890
3,24,71,249181
3,24,33,69852
2,24,8,12410
3,24,50,122849
2,24,8,13869
1,24,9,16643
1,24,11,13784
3,24,60,153667
2,24,15,24079
1,24,4,4252
1,24,7,8782
3,24,60,103399
3,24,79,451979
1,24,4,10500
2,24,4,5150
3,24,39,205983
1,24,5,18428
2,24,14,28850
3,24,7,17655
1,24,5,9200
2,24,10,19280
3,24,64,87955
3,24,57,205820
3,24,31,68771
1,24,5,5650
4,24,63,282617
3,24,40,70232
1,36,2,2877
1,24,4,4800
2,24,15,27470
3,24,16,26000
3,24,30,48020
3,24,17,36495
1,24,5,4299
1,24,3,7883
2,36,10,34334
2,24,4,7934
6,24,493,1368750
1,24,8,9210
3,36,31,56094
3,36,35,50720
3,36,42,68171
4,24,125,238509
4,24,179,353978
5,24,377,754528
6,24,767,1583692
1,24,4,7484
3,24,82,100604
1,24,2,1800
2,24,14,9360
3,24,70,171890
2,24,14,24651
2,24,9,25845
1,24,6,5600
2,36,3,4152
3,24,101,377499
1,36,5,17893
2,24,20,41020
1,24,7,21980
2,36,17,89316
3,36,22,120936
4,24,117,581919
5,24,43,77540
2,24,35,87627
1,24,4,5900
1,24,2,3200
3,24,71,226551
1,24,5,25984
1,24,5,24867
2,24,3,10709
5,24,324,1350821
1,24,3,14601
1,36,4,14802
2,24,12,34967
2,36,11,30765
3,24,34,159920
3,36,25,83985
3,24,36,160001
2,36,4,14639
4,24,37,250776
1,24,6,16532
1,24,7,26001
2,24,4,18469
3,24,37,186482
2,24,7,25077
1,24,6,23358
2,24,9,61554
2,24,6,26062
2,24,8,17939
2,24,25,73511
4,24,228,607024
1,24,3,2575
1,24,6,6027
2,24,20,22474
2,24,7,6570
2,24,18,19400
2,24,6,5588
3,24,27,23292
4,24,201,175347
1,24,5,9241
2,24,17,99585
2,24,12,28103
1,24,4,6817
1,24,5,12000
1,24,5,31229
1,24,2,3225
2,24,14,27960
3,36,33,87619
6,36,599,2027087
2,24,11,26591
3,24,17,19777
2,24,7,9147
3,24,1,1994
3,24,30,48800
5,24,196,180087
1,24,9,7440
2,24,25,81277
3,24,42,83709
1,24,1,2238
1,24,2,3500
1,24,1,1276
2,24,0,0
2,24,0,0
3,24,36,149704
3,24,51,255199
4,24,116,609953
4,24,90,337471
5,36,286,1469352
2,36,4,6010
1,24,0,0
4,24,42,232677
4,24,37,186722
5,24,171,624030
6,24,239,837817
4,24,13,50765
2,24,4,4979
2,24,2,3926
3,24,4,8677
1,36,2,2220
2,24,10,19975
3,24,16,26567
4,24,119,667233
2,36,3,4365
1,36,5,8550
3,36,57,160209
1,24,3,3450
4,24,106,366807
4,24,132,581266
2,24,9,12650
3,36,32,58013
1,24,5,22151
2,24,11,27891
1,24,1,800
1,24,7,8100
2,24,10,17043
2,24,11,18175
4,24,114,296829
1,24,6,5000
3,36,25,69400
2,36,10,22366
1,24,2,2800
4,24,108,271264
4,36,125,261562
1,36,5,7550
3,36,33,52796
3,36,45,94016
1,36,3,4500
5,36,90,200677
1,36,6,5700
3,36,25,37391
5,36,48,101965
1,36,5,8618
3,36,46,96919
2,36,20,43396
2,36,46,101719
3,36,51,156958
4,36,201,388180
6,36,3696,15621908
1,36,8,24335
1,36,6,19551
1,36,3,9393
2,36,15,46260
2,36,33,92898
3,36,32,94250
2,36,21,52196
2,36,13,32172
3,36,20,30730
5,36,10,48130
2,36,6,12500
2,36,15,60120
2,36,1,1500
3,36,26,55603
4,36,62,110953
3,36,4,5400
3,36,29,42294
4,36,67,136403
1,36,22,83075
2,36,5,13017
3,36,42,108757
1,36,1,1500
1,36,7,17404
2,36,25,66913
1,36,3,11608
1,36,7,26142
2,36,16,33153
3,36,9,32643
3,36,20,50925
2,36,6,17884
2,36,1,1500
2,36,8,8991
1,36,2,2500
2,36,18,41252
4,36,5,7600
1,36,1,1100
2,36,9,45640
3,36,25,102382
2,36,2,3601
3,36,36,211157
3,36,15,31017
3,36,65,432180
1,36,3,4600
2,36,6,10569
3,36,13,46801
4,36,97,185882
1,36,4,12760
2,36,16,19255
1,36,3,3525
2,36,13,25000
1,36,7,7430
2,36,3,6200
2,36,20,53418
6,36,1419,21199470
3,36,76,163351
4,36,97,327220
4,36,104,250482
5,36,483,1751381
6,36,1601,5485393
6,36,445,1790940
6,36,665,2622123
1,36,5,9284
2,36,15,19055
4,36,109,241260
1,36,4,7445
2,36,8,20948
3,36,29,55762
5,36,386,1099623
6,36,6652,33278427
6,36,668,2225081
1,36,5,16958
2,36,12,18577
1,36,5,9952
1,36,5,15169
1,36,7,14682
3,36,34,89765
1,36,8,26561
1,36,8,17953
1,36,6,4903
2,36,11,21548
1,36,3,5180
2,36,16,42667
3,36,33,122526
4,36,38,77136
1,36,6,5060
2,36,11,43891
1,36,3,6073
3,36,43,79236
1,36,1,2110
1,36,0,0
3,36,11,23031
4,36,69,128624
2,36,15,8512
3,36,109,177319
3,36,84,57046
4,36,133,218453
2,36,13,21879
1,36,1,2482
3,36,80,358216
1,36,10,23081
2,36,8,18919
2,36,8,19420
2,36,32,50706
3,36,63,103626
1,36,13,22000
2,36,22,42829
2,36,16,115328
1,36,3,4920
1,36,5,10350
3,36,26,78605
1,36,6,24195
3,36,32,107698
2,36,6,6127
2,36,13,14200
2,36,10,12213
3,36,20,22174
1,36,1,1192
2,36,13,31575
2,36,11,24540
3,36,89,170456
1,36,5,6310
2,36,11,16091
3,36,18,29861
4,36,99,512019
3,36,18,65559
4,36,54,199791
1,36,1,1986
1,36,6,7286
1,36,7,7500
2,36,7,10683
1,36,3,4003
2,36,18,28826
3,36,77,229449
2,36,13,46356
1,36,6,7300
2,36,9,16078
3,36,20,32917
4,36,30,66822
6,36,544,1218067
3,36,12,15680
2,36,11,11773
1,36,4,4600
1,36,7,30215
2,36,15,21520
1,36,1,1500
2,22,14,26280
1,22,6,12315
2,37,11,19506
3,37,25,38218
4,22,74,93498
4,37,77,203660
5,22,250,572216
2,22,12,25440
1,37,3,3100
2,37,10,14622
2,22,11,18186
3,37,23,38351
3,22,35,70336
4,37,61,161537
5,37,43,94878
2,22,8,15665
3,22,15,25109
1,37,6,9696
2,37,4,4790
2,37,12,12723
3,22,80,183444
4,22,101,427811
4,22,243,824044
6,37,637,2368637
1,37,4,13363
1,22,6,11360
2,37,18,38557
4,37,84,127474
4,37,235,548303
6,22,762,1560366
2,22,10,20100
3,37,36,65773
1,37,4,8275
4,22,115,270946
2,22,11,17940
3,37,39,57364
6,22,540,1240906
3,37,9,21651
2,22,17,28164
4,22,75,145761
4,22,99,320259
1,37,2,2400
2,37,25,71594
3,22,36,96640
3,37,36,53196
4,37,82,154359
5,37,419,802180
1,37,7,7484
2,37,15,50825
4,22,37,65038
1,22,8,20357
2,37,7,12190
2,37,6,13990
2,22,5,7310
2,22,5,7325
4,22,148,663155
2,37,9,22112
1,22,8,12300
3,22,26,81703
3,22,75,165890
3,22,42,72177
2,22,8,6512
2,22,8,11500
2,22,13,32755
1,22,6,9192
3,22,29,55017
1,22,8,18223
2,22,13,17300
2,37,8,28400
2,22,9,11340
2,22,14,71506
2,22,13,29199
1,22,6,7319
2,22,13,26047
2,22,4,4550
1,22,3,9144
3,22,14,26929
6,22,182,526829
4,22,68,120820
2,22,2,2000
2,22,2,2460
2,22,7,12600
2,37,10,18170
1,22,4,5060
3,22,25,33437
3,22,22,45500
4,22,96,130613
4,22,97,195331
1,22,3,6751
2,22,15,12100
2,22,14,20238
3,37,41,73575
3,37,54,93012
3,37,91,218101
4,22,118,214391
4,22,153,483580
4,37,110,211660
4,22,115,354702
2,22,10,25529
2,37,19,24643
1,22,3,4950
2,37,6,9750
2,22,12,46894
3,22,22,32591
2,22,13,31280
2,22,4,5050
2,22,9,17089
1,37,10,21090
2,22,5,8935
4,22,46,132843
1,22,3,12100
1,22,2,5272
2,22,10,31808
1,37,5,12946
3,22,31,95978
2,37,7,31416
2,37,10,26358
3,37,52,257070
4,22,47,211776
5,22,489,4592386
2,22,25,133653
2,22,15,72578
3,22,24,116969
4,22,42,171740
1,22,6,49444
2,22,8,85988
2,22,2,7902
2,22,3,8927
1,22,7,8107
1,22,6,10287
2,22,11,20620
2,22,12,19927
2,22,24,24310
1,22,6,9409
3,22,53,49018
3,22,26,25052
3,22,9,14617
4,22,100,109535
1,22,3,3000
2,22,8,15902
3,22,32,102748
1,22,2,7275
1,22,1,750
2,22,10,16540
3,22,28,108749
1,22,4,16348
4,22,182,253618
2,22,21,40487
3,22,74,56950
4,22,134,148192
2,22,9,12123
1,22,0,0
2,22,0,0
2,22,9,16195
1,22,0,0
3,22,51,83079
3,22,28,41756
4,37,91,396253
4,37,210,1016854
4,22,186,856234
6,37,912,5212864
1,22,3,5585
2,22,1,3130
3,22,5,20206
4,22,31,106891
4,22,88,354841
6,22,479,1749255
1,22,0,0
2,22,3,8379
3,22,4,9901
4,37,16,33171
3,22,32,63793
2,22,10,12750
4,22,136,607379
1,22,4,6190
3,22,15,18001
1,37,4,10920
1,22,6,10100
2,22,11,17505
2,37,6,10126
2,22,23,26855
2,37,16,28390
2,22,10,9140
2,37,18,42245
3,22,23,35338
3,22,37,66564
1,37,12,16493
1,37,9,6900
2,22,12,31045
1,22,2,2328
2,22,9,15950
1,22,5,6800
1,22,5,8000
1,22,1,1200
1,22,5,11095
2,22,7,9150
2,22,21,29750
2,22,18,29550
2,37,5,9940
2,22,19,26000
3,22,32,46915
3,22,31,45671
3,22,24,31750
3,22,31,38322
3,37,15,28012
4,22,31,56924
4,22,75,136739
4,22,29,52849
4,22,84,213388
1,22,9,10216
3,22,3,4731
4,22,25,58230
1,37,13,13780
3,37,36,46349
1,22,7,9850
2,22,13,16000
3,22,33,58877
4,22,180,733723
4,22,92,192017
1,37,4,6800
1,22,5,11100
1,22,5,8000
2,22,16,43750
1,22,4,5837
2,37,10,21010
1,22,6,19177
1,37,13,19150
4,37,67,94213
1,22,6,12570
1,22,6,8600
2,37,32,63151
1,22,5,6023
1,22,4,6540
1,22,4,8810
2,22,26,67310
3,37,35,69888
4,37,79,149037
5,37,305,935986
1,22,8,12429
2,22,9,13225
2,37,8,15123
3,22,73,186465
4,22,94,232560
1,22,5,9435
3,37,63,116896
5,22,328,680983
5,22,203,364904
2,22,5,10850
3,37,35,52701
4,37,66,139982
1,22,4,8241
1,22,1,1000
2,22,14,23903
2,22,8,12698
3,22,32,74598
1,22,5,4000
2,37,7,14056
3,37,45,76003
3,22,30,36043
4,37,177,414868
5,22,564,1495305
1,22,8,7950
2,37,17,57752
3,37,27,49226
1,22,8,55030
3,22,72,146839
1,22,5,6439
2,37,24,71336
2,37,26,173722
4,22,190,707030
1,22,5,26739
1,22,4,4150
3,22,40,85860
1,22,16,27928
3,22,25,82044
1,22,4,7800
1,22,5,10459
1,22,5,16250
2,22,9,28683
3,22,18,51234
3,22,40,54955
3,37,22,37849
4,22,113,393502
1,22,2,2000
3,22,23,87996
4,22,67,113609
3,22,13,13615
3,37,10,53218
1,22,6,10790
2,22,10,29867
3,22,80,62000
3,22,54,41361
3,22,78,45852
3,22,66,50515
3,22,70,61343
4,22,131,274641
4,22,181,575178
4,22,183,632547
1,22,5,4160
3,22,8,8766
4,22,103,341967
1,22,2,3243
2,37,21,180739
3,22,8,21467
1,22,5,8820
1,22,4,11387
2,22,9,31667
2,22,8,46361
3,22,40,147391
4,22,155,1212376
1,22,6,20408
2,22,6,31170
2,22,7,35472
1,22,6,7043
1,22,5,4482
2,22,11,23268
2,22,9,13340
2,22,13,17272
2,22,5,7382
3,22,28,26526
3,22,48,43301
4,22,117,386592
1,22,5,7150
2,22,12,7730
1,22,6,4170
4,22,213,599822
2,22,3,10000
3,22,65,161423
1,22,2,2350
1,22,7,15873
1,22,4,5566
2,22,13,23395
2,22,7,10524
4,22,142,92971
5,22,214,228694
1,22,0,0
1,22,0,0
2,22,0,0
2,22,0,0
3,22,64,263950
4,22,96,359806
5,22,124,293931
6,22,921,4881436
2,22,1,3300
2,22,4,11500
3,22,25,128132
4,22,40,187646
2,22,3,5589
3,22,19,67466
1,37,7,14350
2,37,5,8100
3,22,28,59475
5,22,126,178214
1,22,10,21850
3,22,86,194362
1,22,7,8480
1,22,5,7500
1,37,7,13400
2,22,28,51503
2,22,12,25710
3,22,46,99305
4,22,173,375035
5,37,194,396844
2,22,5,6625
1,37,7,12075
2,37,15,27875
1,37,3,6500
2,37,8,37307
3,37,33,65400
1,37,4,21296
3,37,31,139142
4,37,25,74633
5,37,217,775012
2,37,19,41208
4,37,91,227230
2,37,11,22499
3,37,14,25727
1,37,4,4000
3,37,56,74662
2,37,23,64855
3,37,72,165763
3,37,23,50217
2,37,6,10260
3,37,29,59679
4,37,128,326026
2,37,15,51974
1,37,6,10477
3,37,32,112124
4,37,207,562105
3,37,47,91306
4,37,118,458676
5,37,326,1604719
5,37,421,1518055
6,37,1624,4380810
6,37,1986,9387053
6,37,746,1920442
2,37,5,10700
3,37,34,40075
4,37,160,322694
5,37,282,737716
6,37,416,1117768
3,37,46,105809
2,37,13,33505
4,37,112,214781
6,37,371,3841252
5,37,226,770747
6,37,868,4305453
6,37,300,693654
4,37,123,310468
3,37,60,128198
3,37,26,36800
4,37,114,359534
5,37,353,1511535
5,37,367,1390412
6,37,577,2071992
1,37,6,15868
6,37,782,1492649
2,37,9,30874
2,37,15,26100
1,37,5,8253
2,37,22,64737
3,37,65,197056
6,37,1230,4993981
6,37,1335,5264772
1,37,6,15464
1,37,7,11200
2,37,11,22200
3,37,71,190994
4,37,9,29274
4,37,74,173856
1,37,6,10822
2,37,11,29910
3,37,65,122496
4,37,64,167529
1,37,7,10760
2,37,15,190488
2,37,14,34138
1,37,8,11219
1,37,10,38400
2,37,4,5750
3,37,48,68598
3,37,41,94057
4,37,119,424020
5,37,186,293110
2,37,17,16000
2,37,16,35531
1,37,5,8134
3,37,157,330780
4,37,179,388193
4,37,145,431780
4,37,133,606960
2,37,15,74353
3,37,68,115157
2,37,7,17513
1,37,5,6945
2,37,27,37179
2,37,15,12080
3,37,53,103319
1,37,1,3789
2,37,1,2640
1,37,3,18234
1,37,6,20121
2,37,8,73729
3,37,32,84029
1,37,4,10481
3,37,30,82641
1,37,8,18200
1,37,4,5872
1,37,11,36668
3,37,46,47032
4,37,110,369718
3,37,41,74342
1,37,5,22604
5,37,412,1799533
1,37,4,5048
3,37,54,93697
4,37,127,154836
5,37,101,218013
1,37,0,0
2,37,11,19841
2,37,12,29425
3,37,38,166129
4,37,145,443135
4,37,114,516000
6,37,990,3782824
5,37,151,640674
6,37,214,606059
2,37,16,27550
3,37,50,106439
2,37,5,11742
2,37,3,3675
2,37,4,4600
3,37,32,47718
4,37,120,164617
1,37,0,0
2,37,21,40447
1,37,8,13582
2,37,10,19014
2,37,14,31487
2,37,6,12172
4,37,245,1384630
1,37,1,2000
2,37,11,8525
1,37,3,6100
2,37,25,140464
4,37,209,630326
3,37,21,33097
4,37,247,357963
1,37,6,12916
3,37,50,260474
1,37,6,5171
3,37,14,20552
1,37,4,8600
3,37,70,126724
1,37,3,12167
1,37,3,15296
3,37,16,69539
2,37,25,81685
1,37,0,0
3,37,19,45214
1,37,6,12642
3,37,30,58559
1,37,6,11935
2,37,10,21520
1,37,3,3800
2,37,11,13400
2,37,12,18049
2,37,10,15240
2,37,8,14650
5,37,61,232379
3,37,80,327796
4,37,63,94995
4,37,136,802491
5,37,51,116220
4,37,170,502898
5,37,14,44576
6,37,157,404732
1,37,9,17460
5,37,364,1275651
2,37,9,7892
2,37,15,19370
2,37,13,20907
5,37,469,1813800
5,37,194,467936
6,37,1025,3967666
1,37,11,16361
2,37,23,56169
4,37,72,230644
4,37,75,132093
6,37,426,1235314
4,37,60,137817
5,37,266,980532
5,37,466,1750607
6,37,274,1139409
6,37,616,1870363
6,37,432,1633668
2,37,0,0
1,37,2,3304
4,37,114,189776
3,37,51,104297
4,37,73,121276
5,37,76,113893
5,37,96,212775
6,37,5684,13964470
6,37,2275,4881492
3,37,64,102119
5,37,269,1022045
6,37,652,2681911
1,37,3,8100
2,37,4,4700
4,37,43,67984
5,37,106,159718
4,37,61,113678
4,37,82,132471
6,37,1621,3127582
6,37,11339,22679295
6,37,1015,2285393
6,37,1182,3598235
4,37,124,279385
5,37,349,898602
2,37,6,33756
1,37,6,22087
2,37,18,56799
3,37,40,76162
3,37,24,64078
1,37,0,0
2,37,16,23400
2,37,9,15468
4,37,8,30781
3,37,4,13679
2,37,4,5820
2,37,5,10397
2,37,32,93284
4,37,110,584007
1,37,5,15804
1,37,7,38113
1,37,5,10235
2,37,14,16740
1,37,5,6900
2,37,20,41342
1,37,3,2807
2,37,4,4730
2,37,11,16316
2,37,1,1123
2,37,16,25361
4,37,90,390492
4,37,52,238226
5,37,191,819785
1,37,0,0
2,37,5,11387
2,37,14,19787
3,37,62,160979
2,37,22,48591
2,37,14,22855
1,37,10,16020
1,37,7,8901
1,37,6,11700
1,37,7,7500
1,37,10,24551
2,37,20,25242
2,37,26,94137
3,37,58,242387
1,37,7,5600
1,37,8,6091
1,37,6,4700
1,37,14,13505
1,37,1,1500
2,37,9,16268
3,37,32,42350
3,37,87,189999
2,37,3,5388
3,37,28,60676
1,37,5,17500
1,37,5,12922
5,37,365,1913191
1,37,2,3558
3,37,41,98275
1,37,3,4570
2,37,14,18607
2,37,7,11553
4,37,124,324057
1,37,0,0
6,37,258,600865
1,37,2,2306
2,37,20,51876
1,37,8,8800
1,37,8,13330
1,37,8,10203
1,38,13,20508
1,38,8,16833
2,38,8,17137
1,38,6,9358
3,38,43,132077
3,38,53,111757
2,38,13,33983
3,38,33,69405
3,38,37,54774
3,38,32,76771
4,38,105,170366
3,38,23,48526
3,38,19,35437
5,38,382,1802813
1,38,7,16600
2,38,21,57752
3,38,51,150233
4,38,69,185161
6,38,390,767858
1,38,7,20198
2,38,23,41069
3,38,76,211103
4,38,145,275156
4,38,107,517778
4,38,335,1027450
6,38,1216,3125327
6,38,766,2119584
1,38,7,25457
2,38,10,22706
3,38,45,81359
4,38,94,235652
4,38,150,325162
5,38,332,792325
5,38,426,2038034
1,38,13,31860
1,38,4,7200
2,38,39,96117
2,38,19,47053
3,38,54,99768
3,38,4,8350
3,38,46,85965
4,38,245,882400
4,38,256,606076
4,38,159,609505
5,38,98,200939
5,38,375,1706977
6,38,826,3714926
6,38,908,8082800
6,38,2686,5778283
6,38,1588,5916099
6,38,2451,5484795
4,38,64,162386
1,38,5,7382
2,38,11,17947
4,38,44,93476
6,38,634,1525110
6,38,1422,7700874
6,38,326,1435984
2,38,19,45100
3,38,6,9249
4,38,124,352308
5,38,62,202815
6,38,479,1112724
2,38,27,83267
3,38,21,32978
3,38,27,88446
4,38,21,33243
4,38,70,117048
6,38,347,909100
6,38,1407,11020479
1,38,6,12310
2,38,18,36751
2,38,25,44980
3,38,25,53800
3,38,84,145377
4,38,128,311848
6,38,300,581162
1,38,6,20546
2,38,17,36470
2,38,6,11791
3,38,136,262342
3,38,91,247411
5,38,460,965639
6,38,1916,7279572
6,38,2435,7321603
6,38,1228,6698849
6,38,715,1369702
1,38,5,5942
1,38,5,7300
1,38,3,3610
3,38,27,89921
4,38,199,900062
3,38,84,259719
1,38,6,17288
2,38,14,15450
3,38,80,283237
4,38,220,871576
1,38,2,3700
2,38,1,900
3,38,58,160116
1,38,5,16000
2,38,10,18836
2,38,8,12080
1,38,5,20320
3,38,29,44740
3,38,50,149899
2,38,8,16100
3,38,14,30506
4,38,48,185004
4,38,70,174113
2,38,1,1630
2,38,2,2800
3,38,29,45658
4,38,101,189175
1,38,4,14698
2,38,4,4300
2,38,13,10100
3,38,49,78326
4,38,131,243289
4,38,244,507951
4,38,192,383815
1,38,3,2950
1,38,2,2708
2,38,27,92236
3,38,15,27047
1,38,4,5580
1,38,1,3000
2,38,10,29253
1,38,4,42172
1,38,4,20455
2,38,10,63799
3,38,31,326022
3,38,22,85636
3,38,23,74964
1,38,5,30975
2,38,8,63103
3,38,26,127634
1,38,4,20005
2,38,6,66599
1,38,6,10697
2,38,9,11925
2,38,8,16111
2,38,5,8839
1,38,8,12674
1,38,6,12575
1,38,12,15768
2,38,17,27631
3,38,137,278384
4,38,4,3750
2,38,28,26433
1,38,1,2000
4,38,171,425867
1,38,4,4600
2,38,1,2820
2,38,0,0
3,38,30,129633
3,38,30,134307
2,38,7,26437
3,38,11,41755
3,38,21,59640
3,38,31,69049
3,38,27,75830
2,38,10,19713
3,38,74,155193
1,38,4,11098
2,38,4,9293
1,38,6,6600
2,38,23,39934
4,38,74,171636
1,38,0,0
2,38,3,4936
3,38,104,243042
2,38,22,69831
1,38,3,5620
1,38,6,11755
2,38,15,36741
3,38,54,115428
3,38,16,24160
3,38,15,19435
4,38,12,18672
3,38,28,65436
4,38,196,673856
2,38,3,5065
4,38,37,153586
2,38,19,38607
4,38,216,783551
5,38,442,1610491
4,38,218,404255
1,38,6,19397
2,38,6,12305
2,38,9,17286
5,38,320,819936
1,38,7,9676
1,38,9,12350
2,38,9,36576
3,38,60,263621
6,38,557,2060750
3,38,38,126698
2,38,14,28675
1,38,5,8982
1,38,7,11200
2,38,6,15600
3,38,39,96601
1,38,5,6299
3,38,34,106597
2,38,10,16641
1,38,0,0
3,38,8,24881
1,38,5,8150
2,38,13,27600
2,38,12,6700
3,38,80,125953
3,38,79,146719
1,38,6,16797
1,38,2,3700
2,38,24,52709
1,38,9,20932
1,38,2,6637
2,38,23,64508
3,38,64,175087
1,38,3,12874
1,38,3,13928
1,38,3,10719
2,38,12,51487
1,38,6,37030
1,38,5,6292
2,38,13,16096
2,38,6,7150
2,38,20,66493
1,38,3,6200
2,38,14,23968
4,38,50,188619
1,38,5,6310
1,38,3,4961
2,38,6,17100
2,38,11,16750
1,38,5,6217
2,38,20,31983
3,38,53,143254
2,38,11,33129
1,38,6,7190
2,38,14,24081
2,38,4,7992
3,38,19,19000
1,38,2,3745
2,38,23,47694
3,38,59,110224
2,38,12,51529
3,38,87,221678
6,38,10306,49928216
4,38,123,285736
4,38,174,271109
1,38,1,700
4,38,102,503287
3,38,77,183790
3,38,38,114737
6,38,9191,63563440
4,38,91,217048
2,38,15,34252
1,38,3,3650
5,38,586,1950394
4,38,194,631240
3,38,54,151144
4,38,14,30919
2,38,10,19033
3,38,60,137935
4,38,200,731434
1,38,5,32440
3,38,41,32800
4,38,304,997222
2,38,13,28086
2,38,15,29634
1,38,3,6200
3,38,84,178963
2,38,40,57742
4,38,122,541848
4,38,70,124725
4,38,19,36477
4,38,33,69965
2,38,38,102890
2,38,6,25780
1,38,0,0
6,38,551,2279939
4,38,96,367038
1,38,7,19710
2,38,13,17890
4,38,161,992067
3,38,16,28341
2,38,17,61236
2,26,33,107902
2,26,26,97353
3,26,19,58141
2,26,8,10784
3,26,21,35812
5,26,397,835822
1,26,6,10180
2,26,12,35277
2,26,19,42957
2,26,22,41637
2,26,21,62847
3,26,27,112102
4,26,162,695468
6,26,2849,39791955
6,26,1440,23265365
2,26,12,30381
4,26,123,723298
4,26,168,568132
3,26,45,103845
4,26,254,933219
4,26,118,467622
4,26,121,216610
5,26,384,2299067
5,26,289,2745214
6,26,548,1421887
6,26,295,955089
4,26,152,347770
4,26,80,141044
6,26,1089,2954975
2,26,17,41410
3,26,37,75237
4,26,145,791761
4,26,103,226170
4,26,100,247791
6,26,1049,4035399
6,26,525,6901104
1,26,10,23426
1,26,4,7603
4,26,127,437788
5,26,311,945298
5,26,565,1169470
4,26,31,50575
6,26,2995,8479533
1,26,4,7200
2,26,17,26020
2,26,12,24407
3,26,16,23175
3,26,58,89821
3,26,54,85527
4,26,28,33184
4,26,146,389129
4,26,288,465114
4,26,290,786557
6,26,503,979523
1,26,7,18740
4,26,90,238446
2,26,11,28968
3,26,62,131434
3,26,57,129319
3,26,95,218884
2,26,27,52796
3,26,45,168052
6,26,24076,72391302
3,26,17,34962
1,26,9,32958
3,26,40,127979
4,26,95,271741
2,26,12,26740
2,26,22,45481
2,26,10,10550
3,26,36,89410
3,26,36,82766
3,26,14,25295
3,26,59,150791
3,26,125,243292
1,26,12,25051
1,26,2,5598
1,26,4,9114
2,26,5,15000
1,26,4,10946
2,26,8,20328
3,26,37,78419
3,26,33,75989
1,26,4,5924
1,26,1,1369
1,26,10,16582
4,26,90,191534
2,26,10,27390
2,26,28,15078
2,26,10,12650
3,26,39,31594
4,26,222,470364
1,26,4,10000
2,26,10,18302
2,26,8,31313
2,26,23,77382
1,26,7,21578
2,26,7,18757
1,26,3,7178
2,26,11,48796
2,26,25,16529
3,26,46,196488
3,26,42,83294
2,26,5,12240
2,26,34,97067
1,26,4,21857
1,26,4,29026
1,26,7,73296
3,26,27,91116
3,26,34,167481
1,26,5,21601
1,26,5,9903
1,26,5,5680
2,26,7,9104
2,26,9,11101
3,26,12,23883
2,26,18,89072
1,26,12,11800
1,26,1,1310
3,26,39,135877
2,26,11,16297
2,26,13,37594
3,26,51,100569
3,26,29,47626
3,26,64,97162
3,26,53,64316
3,26,47,60309
3,26,13,16793
4,26,70,109701
3,26,76,116110
3,26,37,58091
3,26,25,58409
4,26,66,91665
4,26,46,70383
2,26,0,0
2,26,14,29529
4,26,155,625343
2,26,4,9500
3,26,15,44742
6,26,396,1411322
3,26,10,22073
1,26,4,8200
2,26,9,20005
4,26,80,209740
3,26,77,143114
3,26,49,206636
2,26,23,46251
3,26,68,198824
1,26,7,8806
3,26,38,83475
2,26,15,53645
3,26,38,73230
2,26,3,5000
2,26,5,7729
3,26,75,411580
2,26,14,12600
1,26,5,18900
3,26,26,27180
3,26,45,35660
4,26,151,314334
4,26,97,255233
4,26,118,601588
2,26,3,13150
2,26,11,58576
2,26,7,30987
1,26,21,58342
1,26,0,0
4,26,90,489527
4,26,91,460971
1,38,8,16170
1,38,3,9261
1,38,7,14350
1,38,8,15291
2,38,10,28380
1,38,6,15458
3,38,14,27647
4,38,55,80823
5,38,249,487972
6,38,259,1036169
4,38,149,574929
2,38,5,8400
1,38,1,1200
3,38,43,100058
4,38,42,196026
5,38,308,602091
6,38,119,254247
6,38,100,202891
1,38,2,1540
3,38,45,105921
3,38,8,17773
3,38,18,28155
5,38,128,508477
2,38,11,13965
2,38,23,62325
3,38,29,79343
2,38,8,18721
3,37,18,32326
4,38,205,1014674
2,38,11,22435
1,38,9,28166
2,38,19,44683
3,38,29,84364
1,38,6,9410
2,38,4,7344
2,38,12,25299
3,38,31,73541
4,38,102,206002
2,38,4,14521
1,38,5,8741
2,38,12,20911
4,38,94,187631
4,38,189,797938
5,38,217,649059
5,38,325,635045
6,38,373,784993
6,38,801,2879737
6,38,520,1413440
6,38,299,508057
3,38,48,122111
1,38,7,9979
4,38,113,260910
3,38,42,72850
4,38,136,311539
5,38,88,173361
1,38,10,36995
2,38,6,10587
3,38,45,96500
3,38,58,115902
4,38,116,259830
2,38,11,17000
3,38,51,88758
3,38,28,68658
1,38,5,8472
5,38,204,456319
2,38,12,25494
3,38,39,72827
3,38,15,30325
2,38,24,47652
1,38,5,9400
4,38,157,358845
2,38,19,34231
5,38,238,453166
5,38,126,207968
1,38,2,2640
1,38,5,10378
3,38,22,52072
1,38,21,45950
4,38,138,292185
1,38,21,55449
2,38,24,49114
4,38,209,491309
2,38,18,67041
3,38,19,42294
1,38,3,4238
2,38,15,23840
2,38,1,1700
3,38,31,127912
3,38,57,195130
3,38,19,36956
3,38,17,47707
1,38,9,11200
2,38,13,24246
4,38,121,414150
3,38,45,210992
3,38,48,85572
2,38,7,9980
2,38,13,29104
3,38,24,75404
6,38,389,1365506
3,38,25,75167
1,38,2,5351
2,38,3,12492
2,38,9,24403
3,38,34,62517
4,38,225,395513
1,38,3,7211
2,38,8,15401
2,38,12,21222
1,38,8,14206
2,38,24,32992
2,38,9,6500
2,38,8,22119
2,38,12,73800
3,38,33,171102
2,38,11,80611
3,38,39,194779
2,38,7,14454
3,38,27,28445
2,38,19,34485
2,38,20,52141
2,38,10,22775
1,38,0,0
2,38,18,89347
2,38,13,31689
5,38,156,496006
3,38,20,108182
4,38,56,208860
2,38,1,1867
4,38,97,249685
1,38,2,2280
3,38,31,76229
2,38,5,8400
1,38,9,12300
3,38,30,110508
2,38,14,24308
3,38,36,48831
5,38,105,253474
2,38,23,45875
3,38,18,65703
4,38,77,330594
3,38,45,80274
3,38,29,57709
6,11,169,409670
5,11,122,295471
4,31,58,89175
1,23,11,44948
6,23,204,981848
1,35,7,10700
5,24,132,581266
