SIZES,CITY,_NSIZE_
1,11,94
1,11,94
1,11,94
1,11,94
1,11,94
1,11,94
1,11,94
1,11,94
1,11,94
1,11,94
1,11,94
1,11,94
1,11,94
1,11,94
1,11,94
1,11,94
1,11,94
1,11,94
1,11,94
1,11,94
1,11,94
1,11,94
1,11,94
1,11,94
1,11,94
1,11,94
1,11,94
1,11,94
1,11,94
1,11,94
1,11,94
1,11,94
1,11,94
1,11,94
1,11,94
1,11,94
1,11,94
1,11,94
1,11,94
1,11,94
1,11,94
1,11,94
1,11,94
1,11,94
1,11,94
1,11,94
1,11,94
1,11,94
1,11,94
1,11,94
1,11,94
1,11,94
1,11,94
1,11,94
1,11,94
1,11,94
1,11,94
1,11,94
1,11,94
1,11,94
1,11,94
1,11,94
1,11,94
1,11,94
1,11,94
1,11,94
1,11,94
1,11,94
1,11,94
1,11,94
1,11,94
1,11,94
1,11,94
1,11,94
1,11,94
1,11,94
1,11,94
1,11,94
1,11,94
1,11,94
1,11,94
1,11,94
1,11,94
1,11,94
1,11,94
1,11,94
1,11,94
1,11,94
1,11,94
1,11,94
1,11,94
1,11,94
1,11,94
1,11,94
1,11,94
1,11,94
1,11,94
1,11,94
1,11,94
1,11,94
1,11,94
1,11,94
1,11,94
1,11,94
1,11,94
1,11,94
1,11,94
1,11,94
1,11,94
1,11,94
1,11,94
1,11,94
1,11,94
1,11,94
1,11,94
1,11,94
1,11,94
1,11,94
1,11,94
1,11,94
1,11,94
1,11,94
1,11,94
1,11,94
1,11,94
1,11,94
1,11,94
1,11,94
1,11,94
1,11,94
1,11,94
1,11,94
1,11,94
1,11,94
1,11,94
1,11,94
1,11,94
1,11,94
1,11,94
1,11,94
1,11,94
1,11,94
1,11,94
1,11,94
1,11,94
1,11,94
1,11,94
1,11,94
1,11,94
1,11,94
1,11,94
1,11,94
1,11,94
1,11,94
1,11,94
1,11,94
1,11,94
1,11,94
1,11,94
1,11,94
1,11,94
1,11,94
1,11,94
1,11,94
1,11,94
1,11,94
1,11,94
1,11,94
1,11,94
1,11,94
1,11,94
1,11,94
1,11,94
1,11,94
1,11,94
1,11,94
1,11,94
1,11,94
1,11,94
1,11,94
1,11,94
1,11,94
1,11,94
1,11,94
1,11,94
1,11,94
1,11,94
1,11,94
1,11,94
1,11,94
1,11,94
1,11,94
1,11,94
1,11,94
1,11,94
1,11,94
1,11,94
1,11,94
1,11,94
1,11,94
1,11,94
1,11,94
1,11,94
1,11,94
1,11,94
1,11,94
1,11,94
1,11,94
1,11,94
1,11,94
1,11,94
1,11,94
1,11,94
1,11,94
1,11,94
1,11,94
1,11,94
1,11,94
1,11,94
1,11,94
1,11,94
1,11,94
1,11,94
1,11,94
1,11,94
1,11,94
1,11,94
1,11,94
1,11,94
1,11,94
1,11,94
1,11,94
1,11,94
1,11,94
1,11,94
1,11,94
1,11,94
1,11,94
1,11,94
1,11,94
1,11,94
1,11,94
1,11,94
1,11,94
1,11,94
1,11,94
1,11,94
1,11,94
1,11,94
1,11,94
1,11,94
1,11,94
1,11,94
1,11,94
1,11,94
1,11,94
1,11,94
1,11,94
1,11,94
1,11,94
1,11,94
1,11,94
1,11,94
1,11,94
1,11,94
1,11,94
1,11,94
1,11,94
1,11,94
1,11,94
1,11,94
1,11,94
1,11,94
1,11,94
1,11,94
1,11,94
1,11,94
1,11,94
1,11,94
1,11,94
1,11,94
1,11,94
1,11,94
1,11,94
1,11,94
1,11,94
1,11,94
1,11,94
1,11,94
1,11,94
1,11,94
1,11,94
1,11,94
1,11,94
1,11,94
1,11,94
1,11,94
1,11,94
1,11,94
1,11,94
1,11,94
1,11,94
1,11,94
1,11,94
1,11,94
1,11,94
1,11,94
1,11,94
1,11,94
1,11,94
1,11,94
1,11,94
1,11,94
1,11,94
1,11,94
1,11,94
1,11,94
1,11,94
1,11,94
1,11,94
1,11,94
1,11,94
1,11,94
1,11,94
1,11,94
1,11,94
1,11,94
1,11,94
1,11,94
1,11,94
1,11,94
1,11,94
1,11,94
1,11,94
1,11,94
1,11,94
1,11,94
1,11,94
1,11,94
1,11,94
1,11,94
1,11,94
1,11,94
1,11,94
1,11,94
1,11,94
1,11,94
1,11,94
1,11,94
1,11,94
1,11,94
1,11,94
1,11,94
1,11,94
1,11,94
1,11,94
1,11,94
1,11,94
1,11,94
1,11,94
1,11,94
1,11,94
1,11,94
1,11,94
1,11,94
1,11,94
1,11,94
1,11,94
1,11,94
1,11,94
1,11,94
1,11,94
1,11,94
1,11,94
1,11,94
1,11,94
1,11,94
1,11,94
1,11,94
1,11,94
1,11,94
1,11,94
1,11,94
1,11,94
1,11,94
1,11,94
1,11,94
1,11,94
1,11,94
1,11,94
1,11,94
1,11,94
1,11,94
1,11,94
1,11,94
1,11,94
1,11,94
1,11,94
1,11,94
1,11,94
1,11,94
1,11,94
1,11,94
1,11,94
1,11,94
1,11,94
1,11,94
1,11,94
1,11,94
1,11,94
1,11,94
1,11,94
1,11,94
1,11,94
1,11,94
1,11,94
1,11,94
1,11,94
1,11,94
1,11,94
1,11,94
1,11,94
1,11,94
1,11,94
1,11,94
1,11,94
1,11,94
1,11,94
1,11,94
1,11,94
1,11,94
1,11,94
1,11,94
1,11,94
1,11,94
1,11,94
1,11,94
1,11,94
1,11,94
1,11,94
1,11,94
1,11,94
1,11,94
1,11,94
1,11,94
1,11,94
1,11,94
1,11,94
1,11,94
1,11,94
1,11,94
1,11,94
1,11,94
1,11,94
1,11,94
1,11,94
1,11,94
1,11,94
1,11,94
1,11,94
1,11,94
1,11,94
1,11,94
1,11,94
1,11,94
1,11,94
1,11,94
1,11,94
1,11,94
1,11,94
1,11,94
1,11,94
1,11,94
1,11,94
1,11,94
1,11,94
1,11,94
1,11,94
1,11,94
1,11,94
1,11,94
1,11,94
1,11,94
1,11,94
1,11,94
1,11,94
1,11,94
1,11,94
1,11,94
1,11,94
1,11,94
1,11,94
1,11,94
1,11,94
1,11,94
1,11,94
1,11,94
1,11,94
1,11,94
1,11,94
1,11,94
1,11,94
1,11,94
1,11,94
1,11,94
1,11,94
1,11,94
1,11,94
1,11,94
1,11,94
1,11,94
1,11,94
1,11,94
1,11,94
1,11,94
1,11,94
1,11,94
1,11,94
1,11,94
1,11,94
1,11,94
1,11,94
1,11,94
1,11,94
1,11,94
1,11,94
1,11,94
1,11,94
1,11,94
1,11,94
1,11,94
1,11,94
1,11,94
1,11,94
1,11,94
1,11,94
1,11,94
1,11,94
1,11,94
1,11,94
1,11,94
1,11,94
1,11,94
1,11,94
1,11,94
1,11,94
1,11,94
1,11,94
1,11,94
1,11,94
1,11,94
1,11,94
1,11,94
1,11,94
1,11,94
1,11,94
1,11,94
1,11,94
1,11,94
1,11,94
1,11,94
1,11,94
1,11,94
1,11,94
1,11,94
1,11,94
1,11,94
1,11,94
1,11,94
1,11,94
1,11,94
1,11,94
1,11,94
1,11,94
1,11,94
1,11,94
1,11,94
1,11,94
1,11,94
1,11,94
1,11,94
1,11,94
1,11,94
1,11,94
1,11,94
1,11,94
1,11,94
1,11,94
1,11,94
1,11,94
1,11,94
1,11,94
1,11,94
1,11,94
1,11,94
1,11,94
1,11,94
1,11,94
1,11,94
1,11,94
1,11,94
1,11,94
1,11,94
1,11,94
1,11,94
1,11,94
1,11,94
1,11,94
1,11,94
1,11,94
1,11,94
1,11,94
1,11,94
1,11,94
1,11,94
1,11,94
1,11,94
1,11,94
1,11,94
1,11,94
1,11,94
1,11,94
1,11,94
1,11,94
1,11,94
1,11,94
1,11,94
1,11,94
1,11,94
1,11,94
1,11,94
1,11,94
1,11,94
1,11,94
1,11,94
1,11,94
1,11,94
1,11,94
1,11,94
1,11,94
1,11,94
1,11,94
1,11,94
1,11,94
1,11,94
1,11,94
1,11,94
1,11,94
1,11,94
1,11,94
1,11,94
1,11,94
1,11,94
1,11,94
1,11,94
1,11,94
1,11,94
1,11,94
1,11,94
1,11,94
1,11,94
1,11,94
1,11,94
1,11,94
1,11,94
1,11,94
1,11,94
1,11,94
1,11,94
1,11,94
1,11,94
1,11,94
1,11,94
1,11,94
1,11,94
1,11,94
1,11,94
1,11,94
1,11,94
1,11,94
1,11,94
1,11,94
1,11,94
1,11,94
1,11,94
1,11,94
1,11,94
1,11,94
1,11,94
1,11,94
1,11,94
1,11,94
1,11,94
1,11,94
1,11,94
1,11,94
1,11,94
1,11,94
1,11,94
1,11,94
1,11,94
1,11,94
1,11,94
1,11,94
1,11,94
1,11,94
1,11,94
1,11,94
1,11,94
1,11,94
1,11,94
1,11,94
1,11,94
1,11,94
1,11,94
1,11,94
1,11,94
1,11,94
1,11,94
1,11,94
1,11,94
1,11,94
1,11,94
1,11,94
1,11,94
1,11,94
1,11,94
1,11,94
1,11,94
1,11,94
1,11,94
1,11,94
1,11,94
1,11,94
1,11,94
1,11,94
1,11,94
1,11,94
1,11,94
1,11,94
1,11,94
1,11,94
1,11,94
1,11,94
1,11,94
1,11,94
1,11,94
1,11,94
1,11,94
1,11,94
1,11,94
1,11,94
1,11,94
1,11,94
1,11,94
1,11,94
1,11,94
1,11,94
1,11,94
1,11,94
1,11,94
1,11,94
1,11,94
1,11,94
1,11,94
1,11,94
1,11,94
1,11,94
1,11,94
1,11,94
1,11,94
1,11,94
1,11,94
1,11,94
1,11,94
1,11,94
1,11,94
1,11,94
1,11,94
1,11,94
1,11,94
1,11,94
1,11,94
1,11,94
1,11,94
1,11,94
1,11,94
1,11,94
1,11,94
1,11,94
1,11,94
1,11,94
1,11,94
1,11,94
1,11,94
1,11,94
1,11,94
1,11,94
1,11,94
1,11,94
1,11,94
1,11,94
1,11,94
1,11,94
1,11,94
1,11,94
1,11,94
1,11,94
1,11,94
1,11,94
1,11,94
1,11,94
1,11,94
1,11,94
1,11,94
1,11,94
1,11,94
1,11,94
1,11,94
1,11,94
1,11,94
1,11,94
1,11,94
1,11,94
1,11,94
1,11,94
1,11,94
1,11,94
1,11,94
1,11,94
1,11,94
1,11,94
1,11,94
1,11,94
1,11,94
1,11,94
1,11,94
1,11,94
1,11,94
1,11,94
1,11,94
1,11,94
1,11,94
1,11,94
1,11,94
1,11,94
1,11,94
1,11,94
1,11,94
1,11,94
1,11,94
1,11,94
1,11,94
1,11,94
1,11,94
1,11,94
1,11,94
1,11,94
1,11,94
1,11,94
1,11,94
1,11,94
1,11,94
1,11,94
1,11,94
1,11,94
1,11,94
1,11,94
1,11,94
1,11,94
1,11,94
1,11,94
1,11,94
1,11,94
1,11,94
1,11,94
1,11,94
1,11,94
1,11,94
1,11,94
1,11,94
1,11,94
1,11,94
1,11,94
1,11,94
1,11,94
1,11,94
1,11,94
1,11,94
1,11,94
1,11,94
1,11,94
1,11,94
1,11,94
1,11,94
1,11,94
1,11,94
1,11,94
1,11,94
1,11,94
1,11,94
1,11,94
1,11,94
1,11,94
1,11,94
1,11,94
1,11,94
1,11,94
1,11,94
1,11,94
1,11,94
1,11,94
1,11,94
1,11,94
1,11,94
1,11,94
1,11,94
1,11,94
1,11,94
1,11,94
1,11,94
1,11,94
1,11,94
1,11,94
1,11,94
1,11,94
1,11,94
1,11,94
1,11,94
1,11,94
1,11,94
1,11,94
1,11,94
1,11,94
1,11,94
1,11,94
1,11,94
1,11,94
1,11,94
1,11,94
1,11,94
1,11,94
1,11,94
1,11,94
1,11,94
1,11,94
1,11,94
1,11,94
1,11,94
1,11,94
1,11,94
1,11,94
1,11,94
1,11,94
1,11,94
1,11,94
1,11,94
1,11,94
1,11,94
1,11,94
1,11,94
1,11,94
1,11,94
1,11,94
1,11,94
1,11,94
1,11,94
1,11,94
1,11,94
1,11,94
1,11,94
1,11,94
1,11,94
1,11,94
1,11,94
1,11,94
1,11,94
1,11,94
1,11,94
1,11,94
1,11,94
1,11,94
1,11,94
1,11,94
1,11,94
1,11,94
1,11,94
1,11,94
1,11,94
1,11,94
1,11,94
1,11,94
1,11,94
1,11,94
1,11,94
1,11,94
1,11,94
1,11,94
1,11,94
1,11,94
1,11,94
1,11,94
1,11,94
1,11,94
1,11,94
1,11,94
1,11,94
1,11,94
1,11,94
1,11,94
1,11,94
1,11,94
1,11,94
1,11,94
1,11,94
1,11,94
1,11,94
1,11,94
1,11,94
1,11,94
1,11,94
1,11,94
1,11,94
1,11,94
1,11,94
1,11,94
1,11,94
1,11,94
1,11,94
1,11,94
1,11,94
1,11,94
1,11,94
1,11,94
1,11,94
1,11,94
1,11,94
1,11,94
1,11,94
1,11,94
1,11,94
1,11,94
1,11,94
1,11,94
1,11,94
1,11,94
1,11,94
1,11,94
1,11,94
1,11,94
1,11,94
1,11,94
1,11,94
1,11,94
1,11,94
1,11,94
1,11,94
1,11,94
1,11,94
1,11,94
1,11,94
1,11,94
1,11,94
1,11,94
1,11,94
1,11,94
1,11,94
1,11,94
1,11,94
1,11,94
1,11,94
1,11,94
1,11,94
1,11,94
1,11,94
1,11,94
1,11,94
1,11,94
1,11,94
1,11,94
1,11,94
1,11,94
1,11,94
1,11,94
1,11,94
1,11,94
1,11,94
1,11,94
1,11,94
1,11,94
1,11,94
1,11,94
1,11,94
1,11,94
1,11,94
1,11,94
1,11,94
1,11,94
1,11,94
1,11,94
1,11,94
1,11,94
1,11,94
1,11,94
1,11,94
1,11,94
1,11,94
1,11,94
1,11,94
1,11,94
1,11,94
1,11,94
1,11,94
1,11,94
1,11,94
1,11,94
1,11,94
1,11,94
1,11,94
1,11,94
1,11,94
1,11,94
1,11,94
1,11,94
1,11,94
1,11,94
1,11,94
1,11,94
1,11,94
1,11,94
1,11,94
1,11,94
1,11,94
1,11,94
1,11,94
1,11,94
1,11,94
1,11,94
1,11,94
1,11,94
1,11,94
1,11,94
1,11,94
1,11,94
1,11,94
1,11,94
1,11,94
1,11,94
1,11,94
1,11,94
1,11,94
1,11,94
1,11,94
1,11,94
1,11,94
1,11,94
1,11,94
1,11,94
1,11,94
1,11,94
1,11,94
1,11,94
1,11,94
1,11,94
1,11,94
1,11,94
1,11,94
1,11,94
1,11,94
1,11,94
1,11,94
1,11,94
1,11,94
1,11,94
1,11,94
1,11,94
1,11,94
1,11,94
1,11,94
1,11,94
1,11,94
1,11,94
1,11,94
1,11,94
1,11,94
1,11,94
1,11,94
1,11,94
1,11,94
1,11,94
1,11,94
1,11,94
1,11,94
1,11,94
1,11,94
1,11,94
1,11,94
1,11,94
1,11,94
1,11,94
1,11,94
1,11,94
1,11,94
1,11,94
1,11,94
1,11,94
1,11,94
1,11,94
1,11,94
1,11,94
1,11,94
1,11,94
1,11,94
1,11,94
1,11,94
1,11,94
1,11,94
1,11,94
1,11,94
1,11,94
1,11,94
1,11,94
1,11,94
1,11,94
1,11,94
1,11,94
1,11,94
1,11,94
1,11,94
1,11,94
1,11,94
1,11,94
1,11,94
1,11,94
1,11,94
1,11,94
1,11,94
1,11,94
1,11,94
1,11,94
1,11,94
1,11,94
1,11,94
1,11,94
1,11,94
1,11,94
1,11,94
1,11,94
1,11,94
1,11,94
1,11,94
1,11,94
1,11,94
1,11,94
1,11,94
1,11,94
1,11,94
1,11,94
1,11,94
1,11,94
1,11,94
1,11,94
1,11,94
1,11,94
1,11,94
1,11,94
1,11,94
1,11,94
1,11,94
1,11,94
1,11,94
1,11,94
1,11,94
1,11,94
1,11,94
1,11,94
1,11,94
1,11,94
1,11,94
1,11,94
1,11,94
1,11,94
1,11,94
1,11,94
1,11,94
1,11,94
1,11,94
1,11,94
1,11,94
1,11,94
1,11,94
1,11,94
1,11,94
1,11,94
1,11,94
1,11,94
1,11,94
1,11,94
1,11,94
1,11,94
1,11,94
1,11,94
1,11,94
1,11,94
1,11,94
1,11,94
1,11,94
1,11,94
1,11,94
1,11,94
1,11,94
1,11,94
1,11,94
1,11,94
1,11,94
1,11,94
1,11,94
1,11,94
1,11,94
1,11,94
1,11,94
1,11,94
1,11,94
1,11,94
1,11,94
1,11,94
1,11,94
1,11,94
1,11,94
1,11,94
1,11,94
1,11,94
1,11,94
1,11,94
1,11,94
1,11,94
1,11,94
1,11,94
1,11,94
1,11,94
1,11,94
1,11,94
1,11,94
1,11,94
1,11,94
1,11,94
1,11,94
1,11,94
1,11,94
1,11,94
1,11,94
1,11,94
1,11,94
1,11,94
1,11,94
1,11,94
1,11,94
1,11,94
1,11,94
1,11,94
1,11,94
1,11,94
1,11,94
1,11,94
1,11,94
1,11,94
1,11,94
1,11,94
1,11,94
1,11,94
1,11,94
1,11,94
1,11,94
1,11,94
1,11,94
1,11,94
1,11,94
1,11,94
1,11,94
1,11,94
1,11,94
1,11,94
1,11,94
1,11,94
1,11,94
1,11,94
1,11,94
1,11,94
1,11,94
1,11,94
1,11,94
1,11,94
1,11,94
1,11,94
1,11,94
1,11,94
1,11,94
1,11,94
1,11,94
1,11,94
1,11,94
1,11,94
1,11,94
1,11,94
1,11,94
1,11,94
1,11,94
1,11,94
1,11,94
1,11,94
1,11,94
1,11,94
1,11,94
1,11,94
1,11,94
1,11,94
1,11,94
1,11,94
1,11,94
1,11,94
1,11,94
1,11,94
1,11,94
1,11,94
1,11,94
1,11,94
1,11,94
1,11,94
1,11,94
1,11,94
1,11,94
1,11,94
1,11,94
1,11,94
1,11,94
1,11,94
1,11,94
1,11,94
1,11,94
1,11,94
1,11,94
1,11,94
1,11,94
1,11,94
1,11,94
1,11,94
1,11,94
1,11,94
1,11,94
1,11,94
1,11,94
1,11,94
1,11,94
1,11,94
1,11,94
1,11,94
1,11,94
1,11,94
1,11,94
1,11,94
1,11,94
1,11,94
1,11,94
1,11,94
1,11,94
1,11,94
1,11,94
1,11,94
1,11,94
1,11,94
1,11,94
1,11,94
1,11,94
1,11,94
1,11,94
1,11,94
1,21,55
1,21,55
1,21,55
1,21,55
1,21,55
1,21,55
1,21,55
1,21,55
1,21,55
1,21,55
1,21,55
1,21,55
1,21,55
1,21,55
1,21,55
1,21,55
1,21,55
1,21,55
1,21,55
1,21,55
1,21,55
1,21,55
1,21,55
1,21,55
1,21,55
1,21,55
1,21,55
1,21,55
1,21,55
1,21,55
1,21,55
1,21,55
1,21,55
1,21,55
1,21,55
1,21,55
1,21,55
1,21,55
1,21,55
1,21,55
1,21,55
1,21,55
1,21,55
1,21,55
1,21,55
1,21,55
1,21,55
1,21,55
1,21,55
1,21,55
1,21,55
1,21,55
1,21,55
1,21,55
1,21,55
1,21,55
1,21,55
1,21,55
1,21,55
1,21,55
1,21,55
1,21,55
1,21,55
1,21,55
1,21,55
1,21,55
1,21,55
1,21,55
1,21,55
1,21,55
1,21,55
1,21,55
1,21,55
1,21,55
1,21,55
1,21,55
1,21,55
1,21,55
1,21,55
1,21,55
1,21,55
1,21,55
1,21,55
1,21,55
1,21,55
1,21,55
1,21,55
1,21,55
1,21,55
1,21,55
1,21,55
1,21,55
1,21,55
1,21,55
1,21,55
1,21,55
1,21,55
1,21,55
1,21,55
1,21,55
1,21,55
1,21,55
1,21,55
1,21,55
1,21,55
1,21,55
1,21,55
1,21,55
1,21,55
1,21,55
1,21,55
1,21,55
1,21,55
1,21,55
1,21,55
1,21,55
1,21,55
1,21,55
1,21,55
1,21,55
1,21,55
1,21,55
1,21,55
1,21,55
1,21,55
1,21,55
1,21,55
1,21,55
1,21,55
1,21,55
1,21,55
1,21,55
1,21,55
1,21,55
1,21,55
1,21,55
1,21,55
1,21,55
1,21,55
1,21,55
1,21,55
1,21,55
1,21,55
1,21,55
1,21,55
1,21,55
1,21,55
1,21,55
1,21,55
1,21,55
1,21,55
1,21,55
1,21,55
1,21,55
1,21,55
1,21,55
1,21,55
1,21,55
1,21,55
1,21,55
1,21,55
1,21,55
1,21,55
1,21,55
1,21,55
1,21,55
1,21,55
1,21,55
1,21,55
1,21,55
1,21,55
1,21,55
1,21,55
1,21,55
1,21,55
1,21,55
1,21,55
1,21,55
1,21,55
1,21,55
1,21,55
1,21,55
1,21,55
1,21,55
1,21,55
1,21,55
1,21,55
1,21,55
1,21,55
1,21,55
1,21,55
1,21,55
1,21,55
1,21,55
1,21,55
1,21,55
1,21,55
1,21,55
1,21,55
1,21,55
1,21,55
1,21,55
1,21,55
1,21,55
1,21,55
1,21,55
1,21,55
1,21,55
1,21,55
1,21,55
1,21,55
1,21,55
1,21,55
1,21,55
1,21,55
1,21,55
1,21,55
1,21,55
1,21,55
1,21,55
1,21,55
1,21,55
1,21,55
1,21,55
1,21,55
1,21,55
1,21,55
1,21,55
1,21,55
1,21,55
1,21,55
1,21,55
1,21,55
1,21,55
1,21,55
1,21,55
1,21,55
1,21,55
1,21,55
1,21,55
1,21,55
1,21,55
1,21,55
1,21,55
1,21,55
1,21,55
1,21,55
1,21,55
1,21,55
1,21,55
1,21,55
1,21,55
1,21,55
1,21,55
1,21,55
1,21,55
1,21,55
1,21,55
1,21,55
1,21,55
1,21,55
1,21,55
1,21,55
1,21,55
1,21,55
1,21,55
1,21,55
1,21,55
1,21,55
1,21,55
1,21,55
1,21,55
1,21,55
1,21,55
1,21,55
1,21,55
1,21,55
1,21,55
1,21,55
1,21,55
1,21,55
1,21,55
1,21,55
1,21,55
1,21,55
1,21,55
1,21,55
1,21,55
1,21,55
1,21,55
1,21,55
1,21,55
1,21,55
1,21,55
1,21,55
1,21,55
1,21,55
1,21,55
1,21,55
1,21,55
1,21,55
1,21,55
1,21,55
1,21,55
1,21,55
1,21,55
1,21,55
1,21,55
1,21,55
1,21,55
1,21,55
1,21,55
1,21,55
1,21,55
1,21,55
1,21,55
1,21,55
1,21,55
1,21,55
1,21,55
1,21,55
1,21,55
1,21,55
1,21,55
1,21,55
1,21,55
1,21,55
1,21,55
1,21,55
1,21,55
1,21,55
1,21,55
1,21,55
1,21,55
1,21,55
1,21,55
1,21,55
1,21,55
1,21,55
1,21,55
1,21,55
1,21,55
1,21,55
1,21,55
1,21,55
1,21,55
1,21,55
1,21,55
1,21,55
1,21,55
1,21,55
1,21,55
1,21,55
1,21,55
1,21,55
1,21,55
1,21,55
1,21,55
1,21,55
1,21,55
1,21,55
1,21,55
1,21,55
1,21,55
1,21,55
1,21,55
1,21,55
1,21,55
1,21,55
1,21,55
1,21,55
1,21,55
1,21,55
1,21,55
1,21,55
1,21,55
1,21,55
1,21,55
1,21,55
1,21,55
1,21,55
1,21,55
1,21,55
1,21,55
1,21,55
1,21,55
1,21,55
1,21,55
1,21,55
1,21,55
1,21,55
1,21,55
1,21,55
1,21,55
1,21,55
1,21,55
1,21,55
1,21,55
1,21,55
1,21,55
1,21,55
1,21,55
1,21,55
1,21,55
1,21,55
1,21,55
1,21,55
1,21,55
1,21,55
1,21,55
1,21,55
1,21,55
1,21,55
1,21,55
1,21,55
1,21,55
1,21,55
1,21,55
1,21,55
1,21,55
1,21,55
1,21,55
1,21,55
1,21,55
1,21,55
1,21,55
1,21,55
1,21,55
1,21,55
1,21,55
1,21,55
1,21,55
1,21,55
1,21,55
1,21,55
1,21,55
1,21,55
1,21,55
1,21,55
1,21,55
1,21,55
1,21,55
1,21,55
1,21,55
1,21,55
1,21,55
1,21,55
1,21,55
1,21,55
1,21,55
1,21,55
1,21,55
1,21,55
1,21,55
1,21,55
1,21,55
1,21,55
1,21,55
1,21,55
1,21,55
1,21,55
1,21,55
1,21,55
1,21,55
1,21,55
1,21,55
1,21,55
1,21,55
1,21,55
1,21,55
1,21,55
1,21,55
1,21,55
1,21,55
1,21,55
1,21,55
1,21,55
1,21,55
1,21,55
1,21,55
1,21,55
1,21,55
1,21,55
1,21,55
1,21,55
1,21,55
1,21,55
1,21,55
1,21,55
1,21,55
1,21,55
1,21,55
1,21,55
1,21,55
1,21,55
1,21,55
1,21,55
1,21,55
1,21,55
1,21,55
1,21,55
1,21,55
1,21,55
1,21,55
1,21,55
1,21,55
1,21,55
1,21,55
1,21,55
1,21,55
1,21,55
1,21,55
1,21,55
1,21,55
1,21,55
1,22,36
1,22,36
1,22,36
1,22,36
1,22,36
1,22,36
1,22,36
1,22,36
1,22,36
1,22,36
1,22,36
1,22,36
1,22,36
1,22,36
1,22,36
1,22,36
1,22,36
1,22,36
1,22,36
1,22,36
1,22,36
1,22,36
1,22,36
1,22,36
1,22,36
1,22,36
1,22,36
1,22,36
1,22,36
1,22,36
1,22,36
1,22,36
1,22,36
1,22,36
1,22,36
1,22,36
1,22,36
1,22,36
1,22,36
1,22,36
1,22,36
1,22,36
1,22,36
1,22,36
1,22,36
1,22,36
1,22,36
1,22,36
1,22,36
1,22,36
1,22,36
1,22,36
1,22,36
1,22,36
1,22,36
1,22,36
1,22,36
1,22,36
1,22,36
1,22,36
1,22,36
1,22,36
1,22,36
1,22,36
1,22,36
1,22,36
1,22,36
1,22,36
1,22,36
1,22,36
1,22,36
1,22,36
1,22,36
1,22,36
1,22,36
1,22,36
1,22,36
1,22,36
1,22,36
1,22,36
1,22,36
1,22,36
1,22,36
1,22,36
1,22,36
1,22,36
1,22,36
1,22,36
1,22,36
1,22,36
1,22,36
1,22,36
1,22,36
1,22,36
1,22,36
1,22,36
1,22,36
1,22,36
1,22,36
1,22,36
1,22,36
1,22,36
1,22,36
1,22,36
1,22,36
1,22,36
1,22,36
1,22,36
1,22,36
1,22,36
1,22,36
1,22,36
1,22,36
1,22,36
1,22,36
1,22,36
1,22,36
1,22,36
1,22,36
1,22,36
1,22,36
1,22,36
1,22,36
1,22,36
1,22,36
1,22,36
1,22,36
1,22,36
1,22,36
1,22,36
1,22,36
1,22,36
1,22,36
1,22,36
1,22,36
1,22,36
1,22,36
1,22,36
1,22,36
1,22,36
1,22,36
1,22,36
1,22,36
1,22,36
1,22,36
1,22,36
1,22,36
1,22,36
1,22,36
1,22,36
1,22,36
1,22,36
1,22,36
1,22,36
1,22,36
1,22,36
1,22,36
1,22,36
1,22,36
1,22,36
1,22,36
1,22,36
1,22,36
1,22,36
1,22,36
1,22,36
1,22,36
1,22,36
1,22,36
1,22,36
1,22,36
1,22,36
1,22,36
1,22,36
1,22,36
1,22,36
1,22,36
1,22,36
1,22,36
1,22,36
1,22,36
1,22,36
1,22,36
1,22,36
1,22,36
1,22,36
1,22,36
1,22,36
1,22,36
1,22,36
1,22,36
1,22,36
1,22,36
1,22,36
1,22,36
1,22,36
1,22,36
1,22,36
1,22,36
1,22,36
1,22,36
1,22,36
1,22,36
1,22,36
1,22,36
1,22,36
1,22,36
1,22,36
1,22,36
1,22,36
1,22,36
1,22,36
1,22,36
1,22,36
1,22,36
1,22,36
1,22,36
1,22,36
1,22,36
1,22,36
1,22,36
1,22,36
1,23,43
1,23,43
1,23,43
1,23,43
1,23,43
1,23,43
1,23,43
1,23,43
1,23,43
1,23,43
1,23,43
1,23,43
1,23,43
1,23,43
1,23,43
1,23,43
1,23,43
1,23,43
1,23,43
1,23,43
1,23,43
1,23,43
1,23,43
1,23,43
1,23,43
1,23,43
1,23,43
1,23,43
1,23,43
1,23,43
1,23,43
1,23,43
1,23,43
1,23,43
1,23,43
1,23,43
1,23,43
1,23,43
1,23,43
1,23,43
1,23,43
1,23,43
1,23,43
1,23,43
1,23,43
1,23,43
1,23,43
1,23,43
1,23,43
1,23,43
1,23,43
1,23,43
1,23,43
1,23,43
1,23,43
1,23,43
1,23,43
1,23,43
1,23,43
1,23,43
1,23,43
1,23,43
1,23,43
1,23,43
1,23,43
1,23,43
1,23,43
1,23,43
1,23,43
1,23,43
1,23,43
1,23,43
1,23,43
1,23,43
1,23,43
1,23,43
1,23,43
1,23,43
1,23,43
1,23,43
1,23,43
1,23,43
1,23,43
1,23,43
1,23,43
1,23,43
1,23,43
1,23,43
1,23,43
1,23,43
1,23,43
1,23,43
1,23,43
1,23,43
1,23,43
1,23,43
1,23,43
1,23,43
1,23,43
1,23,43
1,23,43
1,23,43
1,23,43
1,23,43
1,23,43
1,23,43
1,23,43
1,23,43
1,23,43
1,23,43
1,23,43
1,23,43
1,23,43
1,23,43
1,23,43
1,23,43
1,23,43
1,23,43
1,23,43
1,23,43
1,23,43
1,23,43
1,23,43
1,23,43
1,23,43
1,23,43
1,23,43
1,23,43
1,23,43
1,23,43
1,23,43
1,23,43
1,23,43
1,23,43
1,23,43
1,23,43
1,23,43
1,23,43
1,23,43
1,23,43
1,23,43
1,23,43
1,23,43
1,23,43
1,23,43
1,23,43
1,23,43
1,23,43
1,23,43
1,23,43
1,23,43
1,23,43
1,23,43
1,23,43
1,23,43
1,23,43
1,23,43
1,23,43
1,23,43
1,23,43
1,23,43
1,23,43
1,23,43
1,23,43
1,23,43
1,23,43
1,23,43
1,23,43
1,23,43
1,23,43
1,23,43
1,23,43
1,23,43
1,23,43
1,23,43
1,23,43
1,23,43
1,23,43
1,23,43
1,23,43
1,23,43
1,23,43
1,23,43
1,23,43
1,23,43
1,23,43
1,23,43
1,23,43
1,23,43
1,23,43
1,23,43
1,23,43
1,23,43
1,23,43
1,23,43
1,23,43
1,23,43
1,23,43
1,23,43
1,23,43
1,23,43
1,23,43
1,23,43
1,23,43
1,23,43
1,23,43
1,23,43
1,23,43
1,23,43
1,23,43
1,23,43
1,23,43
1,23,43
1,23,43
1,23,43
1,23,43
1,23,43
1,23,43
1,23,43
1,23,43
1,23,43
1,23,43
1,23,43
1,23,43
1,23,43
1,23,43
1,23,43
1,23,43
1,23,43
1,23,43
1,23,43
1,23,43
1,23,43
1,23,43
1,23,43
1,23,43
1,23,43
1,23,43
1,23,43
1,23,43
1,23,43
1,23,43
1,23,43
1,23,43
1,23,43
1,23,43
1,23,43
1,23,43
1,23,43
1,23,43
1,23,43
1,23,43
1,23,43
1,23,43
1,23,43
1,23,43
1,23,43
1,23,43
1,23,43
1,23,43
1,23,43
1,23,43
1,23,43
1,23,43
1,23,43
1,23,43
1,23,43
1,23,43
1,23,43
1,23,43
1,23,43
1,23,43
1,23,43
1,23,43
1,23,43
1,23,43
1,23,43
1,23,43
1,23,43
1,23,43
1,23,43
1,23,43
1,23,43
1,23,43
1,23,43
1,23,43
1,23,43
1,23,43
1,23,43
1,23,43
1,23,43
1,23,43
1,23,43
1,23,43
1,23,43
1,23,43
1,23,43
1,23,43
1,23,43
1,23,43
1,23,43
1,23,43
1,23,43
1,23,43
1,23,43
1,23,43
1,23,43
1,24,29
1,24,29
1,24,29
1,24,29
1,24,29
1,24,29
1,24,29
1,24,29
1,24,29
1,24,29
1,24,29
1,24,29
1,24,29
1,24,29
1,24,29
1,24,29
1,24,29
1,24,29
1,24,29
1,24,29
1,24,29
1,24,29
1,24,29
1,24,29
1,24,29
1,24,29
1,24,29
1,24,29
1,24,29
1,24,29
1,24,29
1,24,29
1,24,29
1,24,29
1,24,29
1,24,29
1,24,29
1,24,29
1,24,29
1,24,29
1,24,29
1,24,29
1,24,29
1,24,29
1,24,29
1,24,29
1,24,29
1,24,29
1,24,29
1,24,29
1,24,29
1,24,29
1,24,29
1,24,29
1,24,29
1,24,29
1,24,29
1,24,29
1,24,29
1,24,29
1,24,29
1,24,29
1,24,29
1,24,29
1,24,29
1,24,29
1,24,29
1,24,29
1,24,29
1,24,29
1,24,29
1,24,29
1,24,29
1,24,29
1,24,29
1,24,29
1,24,29
1,24,29
1,24,29
1,24,29
1,24,29
1,24,29
1,24,29
1,24,29
1,24,29
1,24,29
1,24,29
1,24,29
1,24,29
1,24,29
1,24,29
1,24,29
1,24,29
1,24,29
1,24,29
1,24,29
1,24,29
1,24,29
1,24,29
1,24,29
1,24,29
1,24,29
1,24,29
1,24,29
1,24,29
1,24,29
1,24,29
1,24,29
1,24,29
1,24,29
1,24,29
1,24,29
1,24,29
1,24,29
1,24,29
1,24,29
1,24,29
1,24,29
1,24,29
1,24,29
1,24,29
1,24,29
1,24,29
1,24,29
1,24,29
1,24,29
1,24,29
1,24,29
1,24,29
1,24,29
1,24,29
1,24,29
1,24,29
1,24,29
1,24,29
1,24,29
1,24,29
1,24,29
1,24,29
1,24,29
1,25,29
1,25,29
1,25,29
1,25,29
1,25,29
1,25,29
1,25,29
1,25,29
1,25,29
1,25,29
1,25,29
1,25,29
1,25,29
1,25,29
1,25,29
1,25,29
1,25,29
1,25,29
1,25,29
1,25,29
1,25,29
1,25,29
1,25,29
1,25,29
1,25,29
1,25,29
1,25,29
1,25,29
1,25,29
1,25,29
1,25,29
1,25,29
1,25,29
1,25,29
1,25,29
1,25,29
1,25,29
1,25,29
1,25,29
1,25,29
1,25,29
1,25,29
1,25,29
1,25,29
1,25,29
1,25,29
1,25,29
1,25,29
1,25,29
1,25,29
1,25,29
1,25,29
1,25,29
1,25,29
1,25,29
1,25,29
1,25,29
1,25,29
1,25,29
1,25,29
1,25,29
1,25,29
1,25,29
1,25,29
1,25,29
1,25,29
1,25,29
1,25,29
1,25,29
1,25,29
1,25,29
1,25,29
1,25,29
1,25,29
1,25,29
1,25,29
1,25,29
1,25,29
1,25,29
1,25,29
1,25,29
1,25,29
1,25,29
1,25,29
1,25,29
1,25,29
1,25,29
1,25,29
1,25,29
1,25,29
1,25,29
1,25,29
1,25,29
1,25,29
1,25,29
1,25,29
1,25,29
1,25,29
1,25,29
1,25,29
1,25,29
1,25,29
1,25,29
1,25,29
1,25,29
1,25,29
1,25,29
1,25,29
1,25,29
1,25,29
1,25,29
1,25,29
1,25,29
1,25,29
1,25,29
1,25,29
1,25,29
1,25,29
1,25,29
1,25,29
1,25,29
1,25,29
1,25,29
1,25,29
1,25,29
1,25,29
1,25,29
1,25,29
1,25,29
1,25,29
1,25,29
1,25,29
1,25,29
1,25,29
1,25,29
1,25,29
1,25,29
1,25,29
1,25,29
1,25,29
1,25,29
1,26,27
1,26,27
1,26,27
1,26,27
1,26,27
1,26,27
1,26,27
1,26,27
1,26,27
1,26,27
1,26,27
1,26,27
1,26,27
1,26,27
1,26,27
1,26,27
1,26,27
1,26,27
1,26,27
1,26,27
1,26,27
1,26,27
1,26,27
1,26,27
1,26,27
1,26,27
1,26,27
1,26,27
1,26,27
1,26,27
1,26,27
1,26,27
1,26,27
1,26,27
1,26,27
1,26,27
1,26,27
1,26,27
1,26,27
1,26,27
1,26,27
1,26,27
1,26,27
1,26,27
1,26,27
1,26,27
1,26,27
1,26,27
1,26,27
1,26,27
1,26,27
1,26,27
1,26,27
1,26,27
1,26,27
1,26,27
1,26,27
1,26,27
1,26,27
1,26,27
1,26,27
1,26,27
1,26,27
1,26,27
1,26,27
1,26,27
1,26,27
1,26,27
1,26,27
1,26,27
1,26,27
1,26,27
1,26,27
1,26,27
1,26,27
1,26,27
1,26,27
1,26,27
1,26,27
1,26,27
1,26,27
1,26,27
1,26,27
1,26,27
1,26,27
1,26,27
1,26,27
1,26,27
1,26,27
1,26,27
1,26,27
1,26,27
1,26,27
1,26,27
1,26,27
1,26,27
1,26,27
1,26,27
1,26,27
1,26,27
1,26,27
1,26,27
1,26,27
1,26,27
1,26,27
1,26,27
1,26,27
1,26,27
1,26,27
1,26,27
1,26,27
1,26,27
1,26,27
1,26,27
1,26,27
1,26,27
1,26,27
1,26,27
1,26,27
1,26,27
1,26,27
1,26,27
1,31,75
1,31,75
1,31,75
1,31,75
1,31,75
1,31,75
1,31,75
1,31,75
1,31,75
1,31,75
1,31,75
1,31,75
1,31,75
1,31,75
1,31,75
1,31,75
1,31,75
1,31,75
1,31,75
1,31,75
1,31,75
1,31,75
1,31,75
1,31,75
1,31,75
1,31,75
1,31,75
1,31,75
1,31,75
1,31,75
1,31,75
1,31,75
1,31,75
1,31,75
1,31,75
1,31,75
1,31,75
1,31,75
1,31,75
1,31,75
1,31,75
1,31,75
1,31,75
1,31,75
1,31,75
1,31,75
1,31,75
1,31,75
1,31,75
1,31,75
1,31,75
1,31,75
1,31,75
1,31,75
1,31,75
1,31,75
1,31,75
1,31,75
1,31,75
1,31,75
1,31,75
1,31,75
1,31,75
1,31,75
1,31,75
1,31,75
1,31,75
1,31,75
1,31,75
1,31,75
1,31,75
1,31,75
1,31,75
1,31,75
1,31,75
1,31,75
1,31,75
1,31,75
1,31,75
1,31,75
1,31,75
1,31,75
1,31,75
1,31,75
1,31,75
1,31,75
1,31,75
1,31,75
1,31,75
1,31,75
1,31,75
1,31,75
1,31,75
1,31,75
1,31,75
1,31,75
1,31,75
1,31,75
1,31,75
1,31,75
1,31,75
1,31,75
1,31,75
1,31,75
1,31,75
1,31,75
1,31,75
1,31,75
1,31,75
1,31,75
1,31,75
1,31,75
1,31,75
1,31,75
1,31,75
1,31,75
1,31,75
1,31,75
1,31,75
1,31,75
1,31,75
1,31,75
1,31,75
1,31,75
1,31,75
1,31,75
1,31,75
1,31,75
1,31,75
1,31,75
1,31,75
1,31,75
1,31,75
1,31,75
1,31,75
1,31,75
1,31,75
1,31,75
1,31,75
1,31,75
1,31,75
1,31,75
1,31,75
1,31,75
1,31,75
1,31,75
1,31,75
1,31,75
1,31,75
1,31,75
1,31,75
1,31,75
1,31,75
1,31,75
1,31,75
1,31,75
1,31,75
1,31,75
1,31,75
1,31,75
1,31,75
1,31,75
1,31,75
1,31,75
1,31,75
1,31,75
1,31,75
1,31,75
1,31,75
1,31,75
1,31,75
1,31,75
1,31,75
1,31,75
1,31,75
1,31,75
1,31,75
1,31,75
1,31,75
1,31,75
1,31,75
1,31,75
1,31,75
1,31,75
1,31,75
1,31,75
1,31,75
1,31,75
1,31,75
1,31,75
1,31,75
1,31,75
1,31,75
1,31,75
1,31,75
1,31,75
1,31,75
1,31,75
1,31,75
1,31,75
1,31,75
1,31,75
1,31,75
1,31,75
1,31,75
1,31,75
1,31,75
1,31,75
1,31,75
1,31,75
1,31,75
1,31,75
1,31,75
1,31,75
1,31,75
1,31,75
1,31,75
1,31,75
1,31,75
1,31,75
1,31,75
1,31,75
1,31,75
1,31,75
1,31,75
1,31,75
1,31,75
1,31,75
1,31,75
1,31,75
1,31,75
1,31,75
1,31,75
1,31,75
1,31,75
1,31,75
1,31,75
1,31,75
1,31,75
1,31,75
1,31,75
1,31,75
1,31,75
1,31,75
1,31,75
1,31,75
1,31,75
1,31,75
1,31,75
1,31,75
1,31,75
1,31,75
1,31,75
1,31,75
1,31,75
1,31,75
1,31,75
1,31,75
1,31,75
1,31,75
1,31,75
1,31,75
1,31,75
1,31,75
1,31,75
1,31,75
1,31,75
1,31,75
1,31,75
1,31,75
1,31,75
1,31,75
1,31,75
1,31,75
1,31,75
1,31,75
1,31,75
1,31,75
1,31,75
1,31,75
1,31,75
1,31,75
1,31,75
1,31,75
1,31,75
1,31,75
1,31,75
1,31,75
1,31,75
1,31,75
1,31,75
1,31,75
1,31,75
1,31,75
1,31,75
1,31,75
1,31,75
1,31,75
1,31,75
1,31,75
1,31,75
1,31,75
1,31,75
1,31,75
1,31,75
1,31,75
1,31,75
1,31,75
1,31,75
1,31,75
1,31,75
1,31,75
1,31,75
1,31,75
1,31,75
1,31,75
1,31,75
1,31,75
1,31,75
1,31,75
1,31,75
1,31,75
1,31,75
1,31,75
1,31,75
1,31,75
1,31,75
1,31,75
1,31,75
1,31,75
1,31,75
1,31,75
1,31,75
1,31,75
1,31,75
1,31,75
1,31,75
1,31,75
1,31,75
1,31,75
1,31,75
1,31,75
1,31,75
1,31,75
1,31,75
1,31,75
1,31,75
1,31,75
1,31,75
1,31,75
1,31,75
1,31,75
1,31,75
1,31,75
1,31,75
1,31,75
1,31,75
1,31,75
1,31,75
1,31,75
1,31,75
1,31,75
1,31,75
1,31,75
1,31,75
1,31,75
1,31,75
1,31,75
1,31,75
1,31,75
1,31,75
1,31,75
1,31,75
1,31,75
1,31,75
1,31,75
1,31,75
1,31,75
1,31,75
1,31,75
1,31,75
1,31,75
1,31,75
1,31,75
1,31,75
1,31,75
1,31,75
1,31,75
1,31,75
1,31,75
1,31,75
1,31,75
1,31,75
1,31,75
1,31,75
1,31,75
1,31,75
1,31,75
1,31,75
1,31,75
1,31,75
1,31,75
1,31,75
1,31,75
1,31,75
1,31,75
1,31,75
1,31,75
1,31,75
1,31,75
1,31,75
1,31,75
1,31,75
1,31,75
1,31,75
1,31,75
1,31,75
1,31,75
1,31,75
1,31,75
1,31,75
1,31,75
1,31,75
1,31,75
1,31,75
1,31,75
1,31,75
1,31,75
1,31,75
1,31,75
1,31,75
1,31,75
1,31,75
1,31,75
1,31,75
1,31,75
1,31,75
1,31,75
1,31,75
1,31,75
1,31,75
1,31,75
1,31,75
1,31,75
1,31,75
1,31,75
1,31,75
1,31,75
1,31,75
1,31,75
1,31,75
1,31,75
1,31,75
1,31,75
1,31,75
1,31,75
1,31,75
1,31,75
1,31,75
1,31,75
1,31,75
1,31,75
1,31,75
1,31,75
1,31,75
1,31,75
1,31,75
1,31,75
1,31,75
1,31,75
1,31,75
1,31,75
1,31,75
1,31,75
1,31,75
1,31,75
1,31,75
1,31,75
1,31,75
1,31,75
1,31,75
1,31,75
1,31,75
1,31,75
1,31,75
1,31,75
1,31,75
1,31,75
1,31,75
1,31,75
1,31,75
1,31,75
1,31,75
1,31,75
1,31,75
1,31,75
1,31,75
1,31,75
1,31,75
1,31,75
1,31,75
1,31,75
1,31,75
1,31,75
1,31,75
1,31,75
1,31,75
1,31,75
1,31,75
1,31,75
1,31,75
1,31,75
1,31,75
1,31,75
1,31,75
1,31,75
1,31,75
1,31,75
1,31,75
1,31,75
1,31,75
1,31,75
1,31,75
1,31,75
1,31,75
1,31,75
1,31,75
1,31,75
1,31,75
1,31,75
1,31,75
1,31,75
1,31,75
1,31,75
1,31,75
1,31,75
1,31,75
1,31,75
1,31,75
1,31,75
1,31,75
1,31,75
1,31,75
1,31,75
1,31,75
1,31,75
1,31,75
1,31,75
1,31,75
1,31,75
1,31,75
1,31,75
1,31,75
1,31,75
1,31,75
1,31,75
1,31,75
1,31,75
1,31,75
1,31,75
1,31,75
1,31,75
1,31,75
1,31,75
1,31,75
1,31,75
1,31,75
1,31,75
1,31,75
1,31,75
1,31,75
1,31,75
1,31,75
1,31,75
1,31,75
1,31,75
1,31,75
1,31,75
1,31,75
1,31,75
1,31,75
1,31,75
1,31,75
1,31,75
1,31,75
1,31,75
1,31,75
1,31,75
1,31,75
1,31,75
1,31,75
1,31,75
1,31,75
1,31,75
1,31,75
1,31,75
1,31,75
1,31,75
1,31,75
1,31,75
1,31,75
1,31,75
1,31,75
1,31,75
1,31,75
1,31,75
1,31,75
1,31,75
1,31,75
1,31,75
1,31,75
1,31,75
1,31,75
1,31,75
1,31,75
1,31,75
1,31,75
1,31,75
1,31,75
1,31,75
1,31,75
1,31,75
1,31,75
1,31,75
1,31,75
1,31,75
1,31,75
1,31,75
1,31,75
1,31,75
1,31,75
1,31,75
1,31,75
1,31,75
1,31,75
1,31,75
1,31,75
1,31,75
1,31,75
1,31,75
1,31,75
1,31,75
1,31,75
1,31,75
1,31,75
1,31,75
1,31,75
1,31,75
1,31,75
1,31,75
1,31,75
1,31,75
1,31,75
1,31,75
1,31,75
1,31,75
1,31,75
1,31,75
1,31,75
1,31,75
1,31,75
1,31,75
1,31,75
1,31,75
1,31,75
1,31,75
1,31,75
1,31,75
1,31,75
1,31,75
1,31,75
1,31,75
1,31,75
1,31,75
1,31,75
1,31,75
1,31,75
1,31,75
1,31,75
1,31,75
1,31,75
1,31,75
1,31,75
1,31,75
1,31,75
1,31,75
1,31,75
1,31,75
1,31,75
1,31,75
1,31,75
1,31,75
1,31,75
1,31,75
1,31,75
1,31,75
1,31,75
1,31,75
1,31,75
1,31,75
1,31,75
1,31,75
1,31,75
1,31,75
1,31,75
1,31,75
1,31,75
1,31,75
1,31,75
1,31,75
1,31,75
1,31,75
1,31,75
1,31,75
1,31,75
1,31,75
1,31,75
1,31,75
1,31,75
1,31,75
1,31,75
1,31,75
1,31,75
1,31,75
1,31,75
1,31,75
1,31,75
1,31,75
1,31,75
1,31,75
1,31,75
1,31,75
1,31,75
1,31,75
1,31,75
1,31,75
1,31,75
1,31,75
1,31,75
1,31,75
1,31,75
1,31,75
1,31,75
1,31,75
1,31,75
1,31,75
1,31,75
1,31,75
1,31,75
1,31,75
1,31,75
1,31,75
1,31,75
1,31,75
1,31,75
1,31,75
1,31,75
1,31,75
1,31,75
1,31,75
1,31,75
1,31,75
1,31,75
1,31,75
1,31,75
1,31,75
1,31,75
1,31,75
1,31,75
1,31,75
1,31,75
1,31,75
1,31,75
1,31,75
1,31,75
1,31,75
1,31,75
1,31,75
1,31,75
1,31,75
1,31,75
1,31,75
1,31,75
1,31,75
1,31,75
1,31,75
1,31,75
1,31,75
1,31,75
1,31,75
1,31,75
1,31,75
1,31,75
1,31,75
1,31,75
1,31,75
1,31,75
1,31,75
1,31,75
1,31,75
1,31,75
1,31,75
1,31,75
1,31,75
1,31,75
1,31,75
1,31,75
1,31,75
1,31,75
1,31,75
1,31,75
1,31,75
1,31,75
1,31,75
1,31,75
1,31,75
1,31,75
1,31,75
1,31,75
1,31,75
1,31,75
1,31,75
1,31,75
1,31,75
1,31,75
1,31,75
1,31,75
1,31,75
1,31,75
1,31,75
1,31,75
1,31,75
1,31,75
1,31,75
1,31,75
1,31,75
1,31,75
1,31,75
1,31,75
1,31,75
1,31,75
1,31,75
1,31,75
1,31,75
1,31,75
1,31,75
1,31,75
1,31,75
1,31,75
1,31,75
1,31,75
1,31,75
1,31,75
1,31,75
1,31,75
1,31,75
1,31,75
1,31,75
1,31,75
1,31,75
1,31,75
1,31,75
1,31,75
1,31,75
1,31,75
1,31,75
1,31,75
1,31,75
1,31,75
1,31,75
1,31,75
1,31,75
1,31,75
1,31,75
1,31,75
1,31,75
1,31,75
1,31,75
1,31,75
1,31,75
1,31,75
1,31,75
1,31,75
1,31,75
1,31,75
1,31,75
1,31,75
1,31,75
1,31,75
1,31,75
1,31,75
1,31,75
1,31,75
1,31,75
1,31,75
1,31,75
1,31,75
1,31,75
1,31,75
1,31,75
1,31,75
1,31,75
1,31,75
1,31,75
1,31,75
1,31,75
1,31,75
1,31,75
1,31,75
1,31,75
1,31,75
1,31,75
1,31,75
1,31,75
1,31,75
1,31,75
1,31,75
1,31,75
1,31,75
1,31,75
1,31,75
1,31,75
1,31,75
1,31,75
1,31,75
1,31,75
1,31,75
1,31,75
1,31,75
1,31,75
1,31,75
1,31,75
1,31,75
1,31,75
1,31,75
1,31,75
1,31,75
1,31,75
1,31,75
1,31,75
1,31,75
1,31,75
1,31,75
1,32,27
1,32,27
1,32,27
1,32,27
1,32,27
1,32,27
1,32,27
1,32,27
1,32,27
1,32,27
1,32,27
1,32,27
1,32,27
1,32,27
1,32,27
1,32,27
1,32,27
1,32,27
1,32,27
1,32,27
1,32,27
1,32,27
1,32,27
1,32,27
1,32,27
1,32,27
1,32,27
1,32,27
1,32,27
1,32,27
1,32,27
1,32,27
1,32,27
1,32,27
1,32,27
1,32,27
1,32,27
1,32,27
1,32,27
1,32,27
1,32,27
1,32,27
1,32,27
1,32,27
1,32,27
1,32,27
1,32,27
1,32,27
1,32,27
1,32,27
1,32,27
1,32,27
1,32,27
1,32,27
1,32,27
1,32,27
1,32,27
1,32,27
1,32,27
1,32,27
1,32,27
1,32,27
1,32,27
1,32,27
1,32,27
1,32,27
1,32,27
1,32,27
1,32,27
1,32,27
1,32,27
1,32,27
1,32,27
1,32,27
1,32,27
1,32,27
1,32,27
1,32,27
1,32,27
1,32,27
1,32,27
1,32,27
1,32,27
1,32,27
1,32,27
1,32,27
1,32,27
1,32,27
1,32,27
1,32,27
1,32,27
1,32,27
1,32,27
1,32,27
1,32,27
1,32,27
1,32,27
1,32,27
1,32,27
1,32,27
1,32,27
1,32,27
1,32,27
1,32,27
1,32,27
1,32,27
1,32,27
1,32,27
1,32,27
1,32,27
1,32,27
1,32,27
1,32,27
1,32,27
1,32,27
1,32,27
1,32,27
1,32,27
1,32,27
1,33,30
1,33,30
1,33,30
1,33,30
1,33,30
1,33,30
1,33,30
1,33,30
1,33,30
1,33,30
1,33,30
1,33,30
1,33,30
1,33,30
1,33,30
1,33,30
1,33,30
1,33,30
1,33,30
1,33,30
1,33,30
1,33,30
1,33,30
1,33,30
1,33,30
1,33,30
1,33,30
1,33,30
1,33,30
1,33,30
1,33,30
1,33,30
1,33,30
1,33,30
1,33,30
1,33,30
1,33,30
1,33,30
1,33,30
1,33,30
1,33,30
1,33,30
1,33,30
1,33,30
1,33,30
1,33,30
1,33,30
1,33,30
1,33,30
1,33,30
1,33,30
1,33,30
1,33,30
1,33,30
1,33,30
1,33,30
1,33,30
1,33,30
1,33,30
1,33,30
1,33,30
1,33,30
1,33,30
1,33,30
1,33,30
1,33,30
1,33,30
1,33,30
1,33,30
1,33,30
1,33,30
1,33,30
1,33,30
1,33,30
1,33,30
1,33,30
1,33,30
1,33,30
1,33,30
1,33,30
1,33,30
1,33,30
1,33,30
1,33,30
1,33,30
1,33,30
1,33,30
1,33,30
1,33,30
1,33,30
1,33,30
1,33,30
1,33,30
1,33,30
1,33,30
1,33,30
1,33,30
1,33,30
1,33,30
1,33,30
1,33,30
1,33,30
1,33,30
1,33,30
1,33,30
1,33,30
1,33,30
1,33,30
1,33,30
1,33,30
1,33,30
1,33,30
1,33,30
1,33,30
1,33,30
1,33,30
1,33,30
1,33,30
1,33,30
1,33,30
1,33,30
1,33,30
1,33,30
1,33,30
1,33,30
1,33,30
1,33,30
1,33,30
1,33,30
1,33,30
1,33,30
1,33,30
1,33,30
1,33,30
1,33,30
1,33,30
1,33,30
1,33,30
1,33,30
1,33,30
1,33,30
1,33,30
1,33,30
1,33,30
1,33,30
1,33,30
1,33,30
1,34,30
1,34,30
1,34,30
1,34,30
1,34,30
1,34,30
1,34,30
1,34,30
1,34,30
1,34,30
1,34,30
1,34,30
1,34,30
1,34,30
1,34,30
1,34,30
1,34,30
1,34,30
1,34,30
1,34,30
1,34,30
1,34,30
1,34,30
1,34,30
1,34,30
1,34,30
1,34,30
1,34,30
1,34,30
1,34,30
1,34,30
1,34,30
1,34,30
1,34,30
1,34,30
1,34,30
1,34,30
1,34,30
1,34,30
1,34,30
1,34,30
1,34,30
1,34,30
1,34,30
1,34,30
1,34,30
1,34,30
1,34,30
1,34,30
1,34,30
1,34,30
1,34,30
1,34,30
1,34,30
1,34,30
1,34,30
1,34,30
1,34,30
1,34,30
1,34,30
1,34,30
1,34,30
1,34,30
1,34,30
1,34,30
1,34,30
1,34,30
1,34,30
1,34,30
1,34,30
1,34,30
1,34,30
1,34,30
1,34,30
1,34,30
1,34,30
1,34,30
1,34,30
1,34,30
1,34,30
1,34,30
1,34,30
1,34,30
1,34,30
1,34,30
1,34,30
1,34,30
1,34,30
1,34,30
1,34,30
1,34,30
1,34,30
1,34,30
1,34,30
1,34,30
1,34,30
1,34,30
1,34,30
1,34,30
1,34,30
1,34,30
1,34,30
1,34,30
1,34,30
1,34,30
1,34,30
1,34,30
1,34,30
1,34,30
1,34,30
1,34,30
1,34,30
1,34,30
1,34,30
1,34,30
1,34,30
1,34,30
1,34,30
1,34,30
1,34,30
1,34,30
1,34,30
1,34,30
1,34,30
1,34,30
1,34,30
1,34,30
1,34,30
1,34,30
1,34,30
1,34,30
1,34,30
1,34,30
1,34,30
1,34,30
1,34,30
1,34,30
1,34,30
1,34,30
1,34,30
1,34,30
1,34,30
1,34,30
1,34,30
1,34,30
1,34,30
1,34,30
1,34,30
1,34,30
1,34,30
1,34,30
1,34,30
1,34,30
1,35,31
1,35,31
1,35,31
1,35,31
1,35,31
1,35,31
1,35,31
1,35,31
1,35,31
1,35,31
1,35,31
1,35,31
1,35,31
1,35,31
1,35,31
1,35,31
1,35,31
1,35,31
1,35,31
1,35,31
1,35,31
1,35,31
1,35,31
1,35,31
1,35,31
1,35,31
1,35,31
1,35,31
1,35,31
1,35,31
1,35,31
1,35,31
1,35,31
1,35,31
1,35,31
1,35,31
1,35,31
1,35,31
1,35,31
1,35,31
1,35,31
1,35,31
1,35,31
1,35,31
1,35,31
1,35,31
1,35,31
1,35,31
1,35,31
1,35,31
1,35,31
1,35,31
1,35,31
1,35,31
1,35,31
1,35,31
1,35,31
1,35,31
1,35,31
1,35,31
1,35,31
1,35,31
1,35,31
1,35,31
1,35,31
1,35,31
1,35,31
1,35,31
1,35,31
1,35,31
1,35,31
1,35,31
1,35,31
1,35,31
1,35,31
1,35,31
1,35,31
1,35,31
1,35,31
1,35,31
1,35,31
1,35,31
1,35,31
1,35,31
1,35,31
1,35,31
1,35,31
1,35,31
1,35,31
1,35,31
1,35,31
1,35,31
1,35,31
1,35,31
1,35,31
1,35,31
1,35,31
1,35,31
1,35,31
1,35,31
1,35,31
1,35,31
1,35,31
1,35,31
1,35,31
1,35,31
1,35,31
1,35,31
1,35,31
1,35,31
1,35,31
1,35,31
1,35,31
1,35,31
1,35,31
1,35,31
1,35,31
1,35,31
1,35,31
1,35,31
1,35,31
1,35,31
1,35,31
1,35,31
1,35,31
1,35,31
1,35,31
1,35,31
1,35,31
1,35,31
1,35,31
1,35,31
1,35,31
1,35,31
1,35,31
1,35,31
1,35,31
1,35,31
1,35,31
1,35,31
1,35,31
1,35,31
1,35,31
1,35,31
1,35,31
1,35,31
1,35,31
1,35,31
1,35,31
1,35,31
1,35,31
1,35,31
1,35,31
1,35,31
1,35,31
1,35,31
1,35,31
1,35,31
1,35,31
1,35,31
1,36,32
1,36,32
1,36,32
1,36,32
1,36,32
1,36,32
1,36,32
1,36,32
1,36,32
1,36,32
1,36,32
1,36,32
1,36,32
1,36,32
1,36,32
1,36,32
1,36,32
1,36,32
1,36,32
1,36,32
1,36,32
1,36,32
1,36,32
1,36,32
1,36,32
1,36,32
1,36,32
1,36,32
1,36,32
1,36,32
1,36,32
1,36,32
1,36,32
1,36,32
1,36,32
1,36,32
1,36,32
1,36,32
1,36,32
1,36,32
1,36,32
1,36,32
1,36,32
1,36,32
1,36,32
1,36,32
1,36,32
1,36,32
1,36,32
1,36,32
1,36,32
1,36,32
1,36,32
1,36,32
1,36,32
1,36,32
1,36,32
1,36,32
1,36,32
1,36,32
1,36,32
1,36,32
1,36,32
1,36,32
1,36,32
1,36,32
1,36,32
1,36,32
1,36,32
1,36,32
1,36,32
1,36,32
1,36,32
1,36,32
1,36,32
1,36,32
1,36,32
1,36,32
1,36,32
1,36,32
1,36,32
1,36,32
1,36,32
1,36,32
1,36,32
1,36,32
1,36,32
1,36,32
1,36,32
1,36,32
1,36,32
1,36,32
1,36,32
1,36,32
1,36,32
1,36,32
1,36,32
1,36,32
1,36,32
1,36,32
1,36,32
1,36,32
1,36,32
1,36,32
1,36,32
1,36,32
1,36,32
1,36,32
1,36,32
1,36,32
1,36,32
1,36,32
1,36,32
1,36,32
1,36,32
1,36,32
1,36,32
1,36,32
1,36,32
1,36,32
1,36,32
1,36,32
1,36,32
1,36,32
1,36,32
1,36,32
1,36,32
1,36,32
1,36,32
1,36,32
1,36,32
1,36,32
1,36,32
1,36,32
1,36,32
1,36,32
1,36,32
1,36,32
1,36,32
1,36,32
1,36,32
1,36,32
1,36,32
1,36,32
1,36,32
1,36,32
1,36,32
1,36,32
1,36,32
1,36,32
1,36,32
1,36,32
1,36,32
1,36,32
1,36,32
1,36,32
1,36,32
1,36,32
1,36,32
1,36,32
1,36,32
1,36,32
1,36,32
1,36,32
1,36,32
1,36,32
1,36,32
1,36,32
1,37,39
1,37,39
1,37,39
1,37,39
1,37,39
1,37,39
1,37,39
1,37,39
1,37,39
1,37,39
1,37,39
1,37,39
1,37,39
1,37,39
1,37,39
1,37,39
1,37,39
1,37,39
1,37,39
1,37,39
1,37,39
1,37,39
1,37,39
1,37,39
1,37,39
1,37,39
1,37,39
1,37,39
1,37,39
1,37,39
1,37,39
1,37,39
1,37,39
1,37,39
1,37,39
1,37,39
1,37,39
1,37,39
1,37,39
1,37,39
1,37,39
1,37,39
1,37,39
1,37,39
1,37,39
1,37,39
1,37,39
1,37,39
1,37,39
1,37,39
1,37,39
1,37,39
1,37,39
1,37,39
1,37,39
1,37,39
1,37,39
1,37,39
1,37,39
1,37,39
1,37,39
1,37,39
1,37,39
1,37,39
1,37,39
1,37,39
1,37,39
1,37,39
1,37,39
1,37,39
1,37,39
1,37,39
1,37,39
1,37,39
1,37,39
1,37,39
1,37,39
1,37,39
1,37,39
1,37,39
1,37,39
1,37,39
1,37,39
1,37,39
1,37,39
1,37,39
1,37,39
1,37,39
1,37,39
1,37,39
1,37,39
1,37,39
1,37,39
1,37,39
1,37,39
1,37,39
1,37,39
1,37,39
1,37,39
1,37,39
1,37,39
1,37,39
1,37,39
1,37,39
1,37,39
1,37,39
1,37,39
1,37,39
1,37,39
1,37,39
1,37,39
1,37,39
1,37,39
1,37,39
1,37,39
1,37,39
1,37,39
1,37,39
1,37,39
1,37,39
1,37,39
1,37,39
1,37,39
1,37,39
1,37,39
1,37,39
1,37,39
1,37,39
1,37,39
1,37,39
1,37,39
1,37,39
1,37,39
1,37,39
1,37,39
1,37,39
1,37,39
1,37,39
1,37,39
1,37,39
1,37,39
1,37,39
1,37,39
1,37,39
1,37,39
1,37,39
1,37,39
1,37,39
1,37,39
1,37,39
1,37,39
1,37,39
1,37,39
1,37,39
1,37,39
1,37,39
1,37,39
1,37,39
1,37,39
1,37,39
1,37,39
1,37,39
1,37,39
1,37,39
1,37,39
1,37,39
1,37,39
1,37,39
1,37,39
1,37,39
1,37,39
1,37,39
1,37,39
1,37,39
1,37,39
1,37,39
1,37,39
1,37,39
1,37,39
1,37,39
1,37,39
1,37,39
1,37,39
1,37,39
1,37,39
1,37,39
1,37,39
1,37,39
1,37,39
1,37,39
1,37,39
1,37,39
1,37,39
1,37,39
1,37,39
1,37,39
1,37,39
1,37,39
1,37,39
1,37,39
1,37,39
1,37,39
1,37,39
1,37,39
1,37,39
1,37,39
1,37,39
1,37,39
1,37,39
1,37,39
1,37,39
1,37,39
1,37,39
1,37,39
1,37,39
1,37,39
1,37,39
1,37,39
1,37,39
1,37,39
1,37,39
1,37,39
1,37,39
1,37,39
1,37,39
1,37,39
1,37,39
1,37,39
1,37,39
1,37,39
1,37,39
1,37,39
1,37,39
1,37,39
1,37,39
1,37,39
1,37,39
1,37,39
1,37,39
1,37,39
1,37,39
1,37,39
1,37,39
1,37,39
1,37,39
1,37,39
1,37,39
1,37,39
1,37,39
1,37,39
1,37,39
1,37,39
1,37,39
1,37,39
1,37,39
1,38,43
1,38,43
1,38,43
1,38,43
1,38,43
1,38,43
1,38,43
1,38,43
1,38,43
1,38,43
1,38,43
1,38,43
1,38,43
1,38,43
1,38,43
1,38,43
1,38,43
1,38,43
1,38,43
1,38,43
1,38,43
1,38,43
1,38,43
1,38,43
1,38,43
1,38,43
1,38,43
1,38,43
1,38,43
1,38,43
1,38,43
1,38,43
1,38,43
1,38,43
1,38,43
1,38,43
1,38,43
1,38,43
1,38,43
1,38,43
1,38,43
1,38,43
1,38,43
1,38,43
1,38,43
1,38,43
1,38,43
1,38,43
1,38,43
1,38,43
1,38,43
1,38,43
1,38,43
1,38,43
1,38,43
1,38,43
1,38,43
1,38,43
1,38,43
1,38,43
1,38,43
1,38,43
1,38,43
1,38,43
1,38,43
1,38,43
1,38,43
1,38,43
1,38,43
1,38,43
1,38,43
1,38,43
1,38,43
1,38,43
1,38,43
1,38,43
1,38,43
1,38,43
1,38,43
1,38,43
1,38,43
1,38,43
1,38,43
1,38,43
1,38,43
1,38,43
1,38,43
1,38,43
1,38,43
1,38,43
1,38,43
1,38,43
1,38,43
1,38,43
1,38,43
1,38,43
1,38,43
1,38,43
1,38,43
1,38,43
1,38,43
1,38,43
1,38,43
1,38,43
1,38,43
1,38,43
1,38,43
1,38,43
1,38,43
1,38,43
1,38,43
1,38,43
1,38,43
1,38,43
1,38,43
1,38,43
1,38,43
1,38,43
1,38,43
1,38,43
1,38,43
1,38,43
1,38,43
1,38,43
1,38,43
1,38,43
1,38,43
1,38,43
1,38,43
1,38,43
1,38,43
1,38,43
1,38,43
1,38,43
1,38,43
1,38,43
1,38,43
1,38,43
1,38,43
1,38,43
1,38,43
1,38,43
1,38,43
1,38,43
1,38,43
1,38,43
1,38,43
1,38,43
1,38,43
1,38,43
1,38,43
1,38,43
1,38,43
1,38,43
1,38,43
1,38,43
1,38,43
1,38,43
1,38,43
1,38,43
1,38,43
1,38,43
1,38,43
1,38,43
1,38,43
1,38,43
1,38,43
1,38,43
1,38,43
1,38,43
1,38,43
1,38,43
1,38,43
1,38,43
1,38,43
1,38,43
1,38,43
1,38,43
1,38,43
1,38,43
1,38,43
1,38,43
1,38,43
1,38,43
1,38,43
1,38,43
1,38,43
1,38,43
1,38,43
1,38,43
1,38,43
1,38,43
1,38,43
1,38,43
1,38,43
1,38,43
1,38,43
1,38,43
1,38,43
1,38,43
1,38,43
1,38,43
1,38,43
1,38,43
1,38,43
1,38,43
1,38,43
1,38,43
1,38,43
1,38,43
1,38,43
1,38,43
1,38,43
1,38,43
1,38,43
1,38,43
1,38,43
1,38,43
1,38,43
1,38,43
1,38,43
1,38,43
1,38,43
1,38,43
1,38,43
1,38,43
1,38,43
1,38,43
1,38,43
1,38,43
1,38,43
1,38,43
1,38,43
1,38,43
1,38,43
1,38,43
1,38,43
1,38,43
1,38,43
1,38,43
1,38,43
1,38,43
1,38,43
1,38,43
1,38,43
1,38,43
1,38,43
1,38,43
1,38,43
1,38,43
1,38,43
1,38,43
1,38,43
1,38,43
1,38,43
1,38,43
1,38,43
1,38,43
1,38,43
1,38,43
1,38,43
1,38,43
1,38,43
1,38,43
1,38,43
1,38,43
1,38,43
1,38,43
1,38,43
1,38,43
1,38,43
1,38,43
1,38,43
1,38,43
1,38,43
1,38,43
1,38,43
1,38,43
1,38,43
1,38,43
1,38,43
1,38,43
1,38,43
1,38,43
1,38,43
1,38,43
1,38,43
1,38,43
1,38,43
1,38,43
1,38,43
1,38,43
1,38,43
1,38,43
1,38,43
1,38,43
1,38,43
1,38,43
1,38,43
1,38,43
1,38,43
1,38,43
1,38,43
1,38,43
1,38,43
1,38,43
1,38,43
1,38,43
1,38,43
1,38,43
1,38,43
1,38,43
1,38,43
1,38,43
1,39,20
1,39,20
1,39,20
1,39,20
1,39,20
1,39,20
1,39,20
1,39,20
1,39,20
1,39,20
1,39,20
1,39,20
1,39,20
1,39,20
1,39,20
1,39,20
1,39,20
1,39,20
1,39,20
1,39,20
1,39,20
1,39,20
1,39,20
1,39,20
1,39,20
1,39,20
1,39,20
1,39,20
1,39,20
1,39,20
1,39,20
1,39,20
1,39,20
1,39,20
1,39,20
1,39,20
1,39,20
1,39,20
1,39,20
1,39,20
1,39,20
1,39,20
1,39,20
1,39,20
1,39,20
1,39,20
1,39,20
1,39,20
1,39,20
1,39,20
1,39,20
1,39,20
1,39,20
1,39,20
1,39,20
1,39,20
1,39,20
1,39,20
1,39,20
1,39,20
1,39,20
1,39,20
1,39,20
1,39,20
2,11,63
2,11,63
2,11,63
2,11,63
2,11,63
2,11,63
2,11,63
2,11,63
2,11,63
2,11,63
2,11,63
2,11,63
2,11,63
2,11,63
2,11,63
2,11,63
2,11,63
2,11,63
2,11,63
2,11,63
2,11,63
2,11,63
2,11,63
2,11,63
2,11,63
2,11,63
2,11,63
2,11,63
2,11,63
2,11,63
2,11,63
2,11,63
2,11,63
2,11,63
2,11,63
2,11,63
2,11,63
2,11,63
2,11,63
2,11,63
2,11,63
2,11,63
2,11,63
2,11,63
2,11,63
2,11,63
2,11,63
2,11,63
2,11,63
2,11,63
2,11,63
2,11,63
2,11,63
2,11,63
2,11,63
2,11,63
2,11,63
2,11,63
2,11,63
2,11,63
2,11,63
2,11,63
2,11,63
2,11,63
2,11,63
2,11,63
2,11,63
2,11,63
2,11,63
2,11,63
2,11,63
2,11,63
2,11,63
2,11,63
2,11,63
2,11,63
2,11,63
2,11,63
2,11,63
2,11,63
2,11,63
2,11,63
2,11,63
2,11,63
2,11,63
2,11,63
2,11,63
2,11,63
2,11,63
2,11,63
2,11,63
2,11,63
2,11,63
2,11,63
2,11,63
2,11,63
2,11,63
2,11,63
2,11,63
2,11,63
2,11,63
2,11,63
2,11,63
2,11,63
2,11,63
2,11,63
2,11,63
2,11,63
2,11,63
2,11,63
2,11,63
2,11,63
2,11,63
2,11,63
2,11,63
2,11,63
2,11,63
2,11,63
2,11,63
2,11,63
2,11,63
2,11,63
2,11,63
2,11,63
2,11,63
2,11,63
2,11,63
2,11,63
2,11,63
2,11,63
2,11,63
2,11,63
2,11,63
2,11,63
2,11,63
2,11,63
2,11,63
2,11,63
2,11,63
2,11,63
2,11,63
2,11,63
2,11,63
2,11,63
2,11,63
2,11,63
2,11,63
2,11,63
2,11,63
2,11,63
2,11,63
2,11,63
2,11,63
2,11,63
2,11,63
2,11,63
2,11,63
2,11,63
2,11,63
2,11,63
2,11,63
2,11,63
2,11,63
2,11,63
2,11,63
2,11,63
2,11,63
2,11,63
2,11,63
2,11,63
2,11,63
2,11,63
2,11,63
2,11,63
2,11,63
2,11,63
2,11,63
2,11,63
2,11,63
2,11,63
2,11,63
2,11,63
2,11,63
2,11,63
2,11,63
2,11,63
2,11,63
2,11,63
2,11,63
2,11,63
2,11,63
2,11,63
2,11,63
2,11,63
2,11,63
2,11,63
2,11,63
2,11,63
2,11,63
2,11,63
2,11,63
2,11,63
2,11,63
2,11,63
2,11,63
2,11,63
2,11,63
2,11,63
2,11,63
2,11,63
2,11,63
2,11,63
2,11,63
2,11,63
2,11,63
2,11,63
2,11,63
2,11,63
2,11,63
2,11,63
2,11,63
2,11,63
2,11,63
2,11,63
2,11,63
2,11,63
2,11,63
2,11,63
2,11,63
2,11,63
2,11,63
2,11,63
2,11,63
2,11,63
2,11,63
2,11,63
2,11,63
2,11,63
2,11,63
2,11,63
2,11,63
2,11,63
2,11,63
2,11,63
2,11,63
2,11,63
2,11,63
2,11,63
2,11,63
2,11,63
2,11,63
2,11,63
2,11,63
2,11,63
2,11,63
2,11,63
2,11,63
2,11,63
2,11,63
2,11,63
2,11,63
2,11,63
2,11,63
2,11,63
2,11,63
2,11,63
2,11,63
2,11,63
2,11,63
2,11,63
2,11,63
2,11,63
2,11,63
2,11,63
2,11,63
2,11,63
2,11,63
2,11,63
2,11,63
2,11,63
2,11,63
2,11,63
2,11,63
2,11,63
2,11,63
2,11,63
2,11,63
2,11,63
2,11,63
2,11,63
2,11,63
2,11,63
2,11,63
2,11,63
2,11,63
2,11,63
2,11,63
2,11,63
2,11,63
2,11,63
2,11,63
2,11,63
2,11,63
2,11,63
2,11,63
2,11,63
2,11,63
2,11,63
2,11,63
2,11,63
2,11,63
2,11,63
2,11,63
2,11,63
2,11,63
2,11,63
2,11,63
2,11,63
2,11,63
2,11,63
2,11,63
2,11,63
2,11,63
2,11,63
2,11,63
2,11,63
2,11,63
2,11,63
2,11,63
2,11,63
2,11,63
2,11,63
2,11,63
2,11,63
2,11,63
2,11,63
2,11,63
2,11,63
2,11,63
2,11,63
2,11,63
2,11,63
2,11,63
2,11,63
2,11,63
2,11,63
2,11,63
2,11,63
2,11,63
2,11,63
2,11,63
2,11,63
2,11,63
2,11,63
2,11,63
2,11,63
2,11,63
2,11,63
2,11,63
2,11,63
2,11,63
2,11,63
2,11,63
2,11,63
2,11,63
2,11,63
2,11,63
2,11,63
2,11,63
2,11,63
2,11,63
2,11,63
2,11,63
2,11,63
2,11,63
2,11,63
2,11,63
2,11,63
2,11,63
2,11,63
2,11,63
2,11,63
2,11,63
2,11,63
2,11,63
2,11,63
2,11,63
2,11,63
2,11,63
2,11,63
2,11,63
2,11,63
2,11,63
2,11,63
2,11,63
2,11,63
2,11,63
2,11,63
2,11,63
2,11,63
2,11,63
2,11,63
2,11,63
2,11,63
2,11,63
2,11,63
2,11,63
2,11,63
2,11,63
2,11,63
2,11,63
2,11,63
2,11,63
2,11,63
2,11,63
2,11,63
2,11,63
2,11,63
2,11,63
2,11,63
2,11,63
2,11,63
2,11,63
2,11,63
2,11,63
2,11,63
2,11,63
2,11,63
2,11,63
2,11,63
2,11,63
2,11,63
2,11,63
2,11,63
2,11,63
2,11,63
2,11,63
2,11,63
2,11,63
2,11,63
2,11,63
2,11,63
2,11,63
2,11,63
2,11,63
2,11,63
2,11,63
2,11,63
2,11,63
2,11,63
2,11,63
2,11,63
2,11,63
2,11,63
2,11,63
2,11,63
2,11,63
2,11,63
2,11,63
2,11,63
2,11,63
2,11,63
2,11,63
2,11,63
2,11,63
2,11,63
2,11,63
2,11,63
2,11,63
2,11,63
2,11,63
2,11,63
2,11,63
2,11,63
2,11,63
2,11,63
2,11,63
2,11,63
2,11,63
2,11,63
2,11,63
2,11,63
2,11,63
2,11,63
2,11,63
2,11,63
2,11,63
2,11,63
2,11,63
2,11,63
2,11,63
2,11,63
2,11,63
2,11,63
2,11,63
2,11,63
2,11,63
2,11,63
2,11,63
2,11,63
2,11,63
2,11,63
2,11,63
2,11,63
2,11,63
2,11,63
2,11,63
2,11,63
2,11,63
2,11,63
2,11,63
2,11,63
2,11,63
2,11,63
2,11,63
2,11,63
2,11,63
2,11,63
2,11,63
2,11,63
2,11,63
2,11,63
2,11,63
2,11,63
2,11,63
2,11,63
2,11,63
2,11,63
2,11,63
2,11,63
2,11,63
2,11,63
2,11,63
2,11,63
2,11,63
2,11,63
2,11,63
2,11,63
2,11,63
2,11,63
2,11,63
2,11,63
2,11,63
2,11,63
2,11,63
2,11,63
2,11,63
2,11,63
2,11,63
2,11,63
2,11,63
2,11,63
2,11,63
2,11,63
2,11,63
2,11,63
2,11,63
2,11,63
2,11,63
2,11,63
2,11,63
2,11,63
2,11,63
2,11,63
2,11,63
2,11,63
2,11,63
2,11,63
2,11,63
2,11,63
2,11,63
2,11,63
2,11,63
2,11,63
2,11,63
2,11,63
2,11,63
2,11,63
2,11,63
2,11,63
2,11,63
2,11,63
2,11,63
2,11,63
2,11,63
2,11,63
2,11,63
2,11,63
2,11,63
2,11,63
2,11,63
2,11,63
2,11,63
2,11,63
2,11,63
2,11,63
2,11,63
2,11,63
2,11,63
2,11,63
2,11,63
2,11,63
2,11,63
2,11,63
2,11,63
2,11,63
2,11,63
2,11,63
2,11,63
2,11,63
2,11,63
2,11,63
2,11,63
2,11,63
2,11,63
2,11,63
2,11,63
2,11,63
2,11,63
2,11,63
2,11,63
2,11,63
2,11,63
2,11,63
2,11,63
2,11,63
2,11,63
2,11,63
2,11,63
2,11,63
2,11,63
2,11,63
2,11,63
2,11,63
2,11,63
2,11,63
2,11,63
2,11,63
2,11,63
2,11,63
2,11,63
2,11,63
2,11,63
2,11,63
2,11,63
2,11,63
2,11,63
2,11,63
2,11,63
2,11,63
2,11,63
2,11,63
2,11,63
2,11,63
2,11,63
2,11,63
2,11,63
2,11,63
2,11,63
2,11,63
2,11,63
2,11,63
2,11,63
2,11,63
2,11,63
2,11,63
2,11,63
2,11,63
2,11,63
2,11,63
2,11,63
2,11,63
2,21,27
2,21,27
2,21,27
2,21,27
2,21,27
2,21,27
2,21,27
2,21,27
2,21,27
2,21,27
2,21,27
2,21,27
2,21,27
2,21,27
2,21,27
2,21,27
2,21,27
2,21,27
2,21,27
2,21,27
2,21,27
2,21,27
2,21,27
2,21,27
2,21,27
2,21,27
2,21,27
2,21,27
2,21,27
2,21,27
2,21,27
2,21,27
2,21,27
2,21,27
2,21,27
2,21,27
2,21,27
2,21,27
2,21,27
2,21,27
2,21,27
2,21,27
2,21,27
2,21,27
2,21,27
2,21,27
2,21,27
2,21,27
2,21,27
2,21,27
2,21,27
2,21,27
2,21,27
2,21,27
2,21,27
2,21,27
2,21,27
2,21,27
2,21,27
2,21,27
2,21,27
2,21,27
2,21,27
2,21,27
2,21,27
2,21,27
2,21,27
2,21,27
2,21,27
2,21,27
2,21,27
2,21,27
2,21,27
2,21,27
2,21,27
2,21,27
2,21,27
2,21,27
2,21,27
2,21,27
2,21,27
2,21,27
2,21,27
2,21,27
2,21,27
2,21,27
2,21,27
2,21,27
2,21,27
2,21,27
2,21,27
2,21,27
2,21,27
2,21,27
2,21,27
2,21,27
2,21,27
2,21,27
2,21,27
2,21,27
2,21,27
2,21,27
2,21,27
2,21,27
2,21,27
2,21,27
2,21,27
2,21,27
2,21,27
2,21,27
2,21,27
2,21,27
2,21,27
2,21,27
2,21,27
2,21,27
2,21,27
2,21,27
2,21,27
2,21,27
2,21,27
2,21,27
2,22,19
2,22,19
2,22,19
2,22,19
2,22,19
2,22,19
2,22,19
2,22,19
2,22,19
2,22,19
2,22,19
2,22,19
2,22,19
2,22,19
2,22,19
2,22,19
2,22,19
2,22,19
2,22,19
2,22,19
2,22,19
2,22,19
2,22,19
2,22,19
2,22,19
2,22,19
2,22,19
2,22,19
2,22,19
2,22,19
2,22,19
2,22,19
2,22,19
2,22,19
2,22,19
2,22,19
2,22,19
2,22,19
2,22,19
2,22,19
2,22,19
2,22,19
2,22,19
2,22,19
2,22,19
2,22,19
2,22,19
2,22,19
2,22,19
2,22,19
2,22,19
2,22,19
2,22,19
2,22,19
2,22,19
2,22,19
2,22,19
2,22,19
2,22,19
2,23,22
2,23,22
2,23,22
2,23,22
2,23,22
2,23,22
2,23,22
2,23,22
2,23,22
2,23,22
2,23,22
2,23,22
2,23,22
2,23,22
2,23,22
2,23,22
2,23,22
2,23,22
2,23,22
2,23,22
2,23,22
2,23,22
2,23,22
2,23,22
2,23,22
2,23,22
2,23,22
2,23,22
2,23,22
2,23,22
2,23,22
2,23,22
2,23,22
2,23,22
2,23,22
2,23,22
2,23,22
2,23,22
2,23,22
2,23,22
2,23,22
2,23,22
2,23,22
2,23,22
2,23,22
2,23,22
2,23,22
2,23,22
2,23,22
2,23,22
2,23,22
2,23,22
2,23,22
2,23,22
2,23,22
2,23,22
2,23,22
2,23,22
2,23,22
2,23,22
2,23,22
2,23,22
2,23,22
2,23,22
2,23,22
2,23,22
2,23,22
2,23,22
2,23,22
2,23,22
2,23,22
2,23,22
2,23,22
2,23,22
2,23,22
2,23,22
2,23,22
2,23,22
2,23,22
2,23,22
2,24,15
2,24,15
2,24,15
2,24,15
2,24,15
2,24,15
2,24,15
2,24,15
2,24,15
2,24,15
2,24,15
2,24,15
2,24,15
2,24,15
2,24,15
2,24,15
2,24,15
2,24,15
2,24,15
2,24,15
2,24,15
2,24,15
2,24,15
2,24,15
2,24,15
2,24,15
2,24,15
2,24,15
2,24,15
2,24,15
2,24,15
2,24,15
2,24,15
2,24,15
2,24,15
2,24,15
2,24,15
2,24,15
2,24,15
2,25,18
2,25,18
2,25,18
2,25,18
2,25,18
2,25,18
2,25,18
2,25,18
2,25,18
2,25,18
2,25,18
2,25,18
2,25,18
2,25,18
2,25,18
2,25,18
2,25,18
2,25,18
2,25,18
2,25,18
2,25,18
2,25,18
2,25,18
2,25,18
2,25,18
2,25,18
2,25,18
2,25,18
2,25,18
2,25,18
2,25,18
2,25,18
2,25,18
2,25,18
2,25,18
2,25,18
2,25,18
2,25,18
2,25,18
2,25,18
2,25,18
2,25,18
2,25,18
2,25,18
2,25,18
2,25,18
2,25,18
2,25,18
2,25,18
2,25,18
2,25,18
2,25,18
2,25,18
2,25,18
2,26,17
2,26,17
2,26,17
2,26,17
2,26,17
2,26,17
2,26,17
2,26,17
2,26,17
2,26,17
2,26,17
2,26,17
2,26,17
2,26,17
2,26,17
2,26,17
2,26,17
2,26,17
2,26,17
2,26,17
2,26,17
2,26,17
2,26,17
2,26,17
2,26,17
2,26,17
2,26,17
2,26,17
2,26,17
2,26,17
2,26,17
2,26,17
2,26,17
2,26,17
2,26,17
2,26,17
2,26,17
2,26,17
2,26,17
2,26,17
2,26,17
2,26,17
2,26,17
2,26,17
2,26,17
2,26,17
2,26,17
2,31,41
2,31,41
2,31,41
2,31,41
2,31,41
2,31,41
2,31,41
2,31,41
2,31,41
2,31,41
2,31,41
2,31,41
2,31,41
2,31,41
2,31,41
2,31,41
2,31,41
2,31,41
2,31,41
2,31,41
2,31,41
2,31,41
2,31,41
2,31,41
2,31,41
2,31,41
2,31,41
2,31,41
2,31,41
2,31,41
2,31,41
2,31,41
2,31,41
2,31,41
2,31,41
2,31,41
2,31,41
2,31,41
2,31,41
2,31,41
2,31,41
2,31,41
2,31,41
2,31,41
2,31,41
2,31,41
2,31,41
2,31,41
2,31,41
2,31,41
2,31,41
2,31,41
2,31,41
2,31,41
2,31,41
2,31,41
2,31,41
2,31,41
2,31,41
2,31,41
2,31,41
2,31,41
2,31,41
2,31,41
2,31,41
2,31,41
2,31,41
2,31,41
2,31,41
2,31,41
2,31,41
2,31,41
2,31,41
2,31,41
2,31,41
2,31,41
2,31,41
2,31,41
2,31,41
2,31,41
2,31,41
2,31,41
2,31,41
2,31,41
2,31,41
2,31,41
2,31,41
2,31,41
2,31,41
2,31,41
2,31,41
2,31,41
2,31,41
2,31,41
2,31,41
2,31,41
2,31,41
2,31,41
2,31,41
2,31,41
2,31,41
2,31,41
2,31,41
2,31,41
2,31,41
2,31,41
2,31,41
2,31,41
2,31,41
2,31,41
2,31,41
2,31,41
2,31,41
2,31,41
2,31,41
2,31,41
2,31,41
2,31,41
2,31,41
2,31,41
2,31,41
2,31,41
2,31,41
2,31,41
2,31,41
2,31,41
2,31,41
2,31,41
2,31,41
2,31,41
2,31,41
2,31,41
2,31,41
2,31,41
2,31,41
2,31,41
2,31,41
2,31,41
2,31,41
2,31,41
2,31,41
2,31,41
2,31,41
2,31,41
2,31,41
2,31,41
2,31,41
2,31,41
2,31,41
2,31,41
2,31,41
2,31,41
2,31,41
2,31,41
2,31,41
2,31,41
2,31,41
2,31,41
2,31,41
2,31,41
2,31,41
2,31,41
2,31,41
2,31,41
2,31,41
2,31,41
2,31,41
2,31,41
2,31,41
2,31,41
2,31,41
2,31,41
2,31,41
2,31,41
2,31,41
2,31,41
2,31,41
2,31,41
2,31,41
2,31,41
2,31,41
2,31,41
2,31,41
2,31,41
2,31,41
2,31,41
2,31,41
2,31,41
2,31,41
2,31,41
2,31,41
2,31,41
2,31,41
2,31,41
2,31,41
2,31,41
2,31,41
2,31,41
2,31,41
2,31,41
2,31,41
2,31,41
2,31,41
2,31,41
2,31,41
2,31,41
2,31,41
2,31,41
2,31,41
2,31,41
2,31,41
2,31,41
2,31,41
2,31,41
2,31,41
2,31,41
2,31,41
2,31,41
2,31,41
2,31,41
2,31,41
2,31,41
2,31,41
2,31,41
2,31,41
2,31,41
2,31,41
2,31,41
2,31,41
2,31,41
2,31,41
2,31,41
2,31,41
2,31,41
2,31,41
2,31,41
2,31,41
2,31,41
2,31,41
2,31,41
2,31,41
2,31,41
2,31,41
2,31,41
2,31,41
2,31,41
2,31,41
2,31,41
2,31,41
2,31,41
2,31,41
2,31,41
2,31,41
2,31,41
2,31,41
2,31,41
2,31,41
2,31,41
2,31,41
2,31,41
2,31,41
2,31,41
2,31,41
2,31,41
2,31,41
2,31,41
2,31,41
2,31,41
2,31,41
2,31,41
2,31,41
2,31,41
2,31,41
2,31,41
2,31,41
2,31,41
2,31,41
2,31,41
2,31,41
2,31,41
2,31,41
2,31,41
2,31,41
2,31,41
2,31,41
2,31,41
2,31,41
2,32,13
2,32,13
2,32,13
2,32,13
2,32,13
2,32,13
2,32,13
2,32,13
2,32,13
2,32,13
2,32,13
2,32,13
2,32,13
2,32,13
2,32,13
2,32,13
2,32,13
2,32,13
2,32,13
2,32,13
2,32,13
2,32,13
2,32,13
2,32,13
2,32,13
2,32,13
2,32,13
2,32,13
2,32,13
2,33,17
2,33,17
2,33,17
2,33,17
2,33,17
2,33,17
2,33,17
2,33,17
2,33,17
2,33,17
2,33,17
2,33,17
2,33,17
2,33,17
2,33,17
2,33,17
2,33,17
2,33,17
2,33,17
2,33,17
2,33,17
2,33,17
2,33,17
2,33,17
2,33,17
2,33,17
2,33,17
2,33,17
2,33,17
2,33,17
2,33,17
2,33,17
2,33,17
2,33,17
2,33,17
2,33,17
2,33,17
2,33,17
2,33,17
2,33,17
2,33,17
2,33,17
2,33,17
2,33,17
2,33,17
2,33,17
2,33,17
2,33,17
2,33,17
2,33,17
2,34,20
2,34,20
2,34,20
2,34,20
2,34,20
2,34,20
2,34,20
2,34,20
2,34,20
2,34,20
2,34,20
2,34,20
2,34,20
2,34,20
2,34,20
2,34,20
2,34,20
2,34,20
2,34,20
2,34,20
2,34,20
2,34,20
2,34,20
2,34,20
2,34,20
2,34,20
2,34,20
2,34,20
2,34,20
2,34,20
2,34,20
2,34,20
2,34,20
2,34,20
2,34,20
2,34,20
2,34,20
2,34,20
2,34,20
2,34,20
2,34,20
2,34,20
2,34,20
2,34,20
2,34,20
2,34,20
2,34,20
2,34,20
2,34,20
2,34,20
2,34,20
2,34,20
2,34,20
2,34,20
2,34,20
2,34,20
2,34,20
2,34,20
2,34,20
2,34,20
2,34,20
2,34,20
2,34,20
2,34,20
2,35,15
2,35,15
2,35,15
2,35,15
2,35,15
2,35,15
2,35,15
2,35,15
2,35,15
2,35,15
2,35,15
2,35,15
2,35,15
2,35,15
2,35,15
2,35,15
2,35,15
2,35,15
2,35,15
2,35,15
2,35,15
2,35,15
2,35,15
2,35,15
2,35,15
2,35,15
2,35,15
2,35,15
2,35,15
2,35,15
2,35,15
2,35,15
2,35,15
2,35,15
2,35,15
2,35,15
2,36,14
2,36,14
2,36,14
2,36,14
2,36,14
2,36,14
2,36,14
2,36,14
2,36,14
2,36,14
2,36,14
2,36,14
2,36,14
2,36,14
2,36,14
2,36,14
2,36,14
2,36,14
2,36,14
2,36,14
2,36,14
2,36,14
2,36,14
2,36,14
2,36,14
2,36,14
2,36,14
2,36,14
2,36,14
2,36,14
2,36,14
2,36,14
2,36,14
2,36,14
2,37,26
2,37,26
2,37,26
2,37,26
2,37,26
2,37,26
2,37,26
2,37,26
2,37,26
2,37,26
2,37,26
2,37,26
2,37,26
2,37,26
2,37,26
2,37,26
2,37,26
2,37,26
2,37,26
2,37,26
2,37,26
2,37,26
2,37,26
2,37,26
2,37,26
2,37,26
2,37,26
2,37,26
2,37,26
2,37,26
2,37,26
2,37,26
2,37,26
2,37,26
2,37,26
2,37,26
2,37,26
2,37,26
2,37,26
2,37,26
2,37,26
2,37,26
2,37,26
2,37,26
2,37,26
2,37,26
2,37,26
2,37,26
2,37,26
2,37,26
2,37,26
2,37,26
2,37,26
2,37,26
2,37,26
2,37,26
2,37,26
2,37,26
2,37,26
2,37,26
2,37,26
2,37,26
2,37,26
2,37,26
2,37,26
2,37,26
2,37,26
2,37,26
2,37,26
2,37,26
2,37,26
2,37,26
2,37,26
2,37,26
2,37,26
2,37,26
2,37,26
2,37,26
2,37,26
2,37,26
2,37,26
2,37,26
2,37,26
2,37,26
2,37,26
2,37,26
2,37,26
2,37,26
2,37,26
2,37,26
2,37,26
2,37,26
2,37,26
2,37,26
2,37,26
2,37,26
2,37,26
2,37,26
2,37,26
2,37,26
2,37,26
2,37,26
2,37,26
2,37,26
2,37,26
2,37,26
2,37,26
2,37,26
2,37,26
2,37,26
2,37,26
2,37,26
2,37,26
2,38,26
2,38,26
2,38,26
2,38,26
2,38,26
2,38,26
2,38,26
2,38,26
2,38,26
2,38,26
2,38,26
2,38,26
2,38,26
2,38,26
2,38,26
2,38,26
2,38,26
2,38,26
2,38,26
2,38,26
2,38,26
2,38,26
2,38,26
2,38,26
2,38,26
2,38,26
2,38,26
2,38,26
2,38,26
2,38,26
2,38,26
2,38,26
2,38,26
2,38,26
2,38,26
2,38,26
2,38,26
2,38,26
2,38,26
2,38,26
2,38,26
2,38,26
2,38,26
2,38,26
2,38,26
2,38,26
2,38,26
2,38,26
2,38,26
2,38,26
2,38,26
2,38,26
2,38,26
2,38,26
2,38,26
2,38,26
2,38,26
2,38,26
2,38,26
2,38,26
2,38,26
2,38,26
2,38,26
2,38,26
2,38,26
2,38,26
2,38,26
2,38,26
2,38,26
2,38,26
2,38,26
2,38,26
2,38,26
2,38,26
2,38,26
2,38,26
2,38,26
2,38,26
2,38,26
2,38,26
2,38,26
2,38,26
2,38,26
2,38,26
2,38,26
2,38,26
2,38,26
2,38,26
2,38,26
2,38,26
2,38,26
2,38,26
2,38,26
2,38,26
2,38,26
2,38,26
2,38,26
2,38,26
2,38,26
2,38,26
2,38,26
2,38,26
2,38,26
2,38,26
2,38,26
2,38,26
2,38,26
2,38,26
2,38,26
2,38,26
2,38,26
2,38,26
2,38,26
2,38,26
2,38,26
2,38,26
2,38,26
2,39,7
2,39,7
2,39,7
2,39,7
2,39,7
2,39,7
2,39,7
2,39,7
